"Date","Time, GMT-09:00","Temp, °C (LGR S/N: 2242427, SEN S/N: 2242427)","Coupler Detached (LGR S/N: 2242427)","Coupler Attached (LGR S/N: 2242427)","Host Connected (LGR S/N: 2242427)","Stopped (LGR S/N: 2242427)","End Of File (LGR S/N: 2242427)"
2010/01/29,10:13:17,19.960,,,,,
2010/01/29,10:13:28,,Logged,,,,
2010/01/29,14:13:17,7.217,,,,,
2010/01/29,18:13:17,13.209,,,,,
2010/01/29,22:13:17,20.269,,,,,
2010/01/30,02:13:17,20.198,,,,,
2010/01/30,06:13:17,20.174,,,,,
2010/01/30,10:13:17,20.103,,,,,
2010/01/30,14:13:17,20.103,,,,,
2010/01/30,18:13:17,19.865,,,,,
2010/01/30,22:13:17,20.007,,,,,
2010/01/31,02:13:17,20.055,,,,,
2010/01/31,06:13:17,20.079,,,,,
2010/01/31,10:13:17,20.055,,,,,
2010/01/31,14:13:17,20.126,,,,,
2010/01/31,18:13:17,14.242,,,,,
2010/01/31,22:13:17,5.565,,,,,
2010/02/01,02:13:17,1.588,,,,,
2010/02/01,06:13:17,10.001,,,,,
2010/02/01,10:13:17,19.175,,,,,
2010/02/01,14:13:17,20.913,,,,,
2010/02/01,18:13:17,20.889,,,,,
2010/02/01,22:13:17,20.341,,,,,
2010/02/02,02:13:17,19.817,,,,,
2010/02/02,06:13:17,19.532,,,,,
2010/02/02,10:13:17,20.269,,,,,
2010/02/02,14:13:17,15.270,,,,,
2010/02/02,18:13:17,16.749,,,,,
2010/02/02,22:13:17,15.557,,,,,
2010/02/03,02:13:17,11.029,,,,,
2010/02/03,06:13:17,1.153,,,,,
2010/02/03,10:13:17,-4.957,,,,,
2010/02/03,14:13:17,-4.560,,,,,
2010/02/03,18:13:17,-5.948,,,,,
2010/02/03,22:13:17,-10.792,,,,,
2010/02/04,02:13:17,-15.305,,,,,
2010/02/04,06:13:17,-17.988,,,,,
2010/02/04,10:13:17,-18.967,,,,,
2010/02/04,14:13:17,-13.926,,,,,
2010/02/04,18:13:17,-10.722,,,,,
2010/02/04,22:13:17,-11.976,,,,,
2010/02/05,02:13:17,-11.831,,,,,
2010/02/05,06:13:17,-11.613,,,,,
2010/02/05,10:13:17,-11.505,,,,,
2010/02/05,14:13:17,-10.546,,,,,
2010/02/05,18:13:17,-9.337,,,,,
2010/02/05,22:13:17,-9.066,,,,,
2010/02/06,02:13:17,-8.331,,,,,
2010/02/06,06:13:17,-7.543,,,,,
2010/02/06,10:13:17,-6.706,,,,,
2010/02/06,14:13:17,-4.865,,,,,
2010/02/06,18:13:17,-3.271,,,,,
2010/02/06,22:13:17,-3.956,,,,,
2010/02/07,02:13:17,-4.926,,,,,
2010/02/07,06:13:17,-5.667,,,,,
2010/02/07,10:13:17,-6.199,,,,,
2010/02/07,14:13:17,-5.885,,,,,
2010/02/07,18:13:17,-5.079,,,,,
2010/02/07,22:13:17,-5.110,,,,,
2010/02/08,02:13:17,-5.388,,,,,
2010/02/08,06:13:17,-5.667,,,,,
2010/02/08,10:13:17,-6.294,,,,,
2010/02/08,14:13:17,-7.413,,,,,
2010/02/08,18:13:17,-7.251,,,,,
2010/02/08,22:13:17,-7.543,,,,,
2010/02/09,02:13:17,-8.000,,,,,
2010/02/09,06:13:17,-8.364,,,,,
2010/02/09,10:13:17,-8.530,,,,,
2010/02/09,14:13:17,-6.898,,,,,
2010/02/09,18:13:17,-4.804,,,,,
2010/02/09,22:13:17,-4.682,,,,,
2010/02/10,02:13:17,-4.743,,,,,
2010/02/10,06:13:17,-4.804,,,,,
2010/02/10,10:13:17,-4.712,,,,,
2010/02/10,14:13:17,-3.747,,,,,
2010/02/10,18:13:17,-2.654,,,,,
2010/02/10,22:13:17,-2.625,,,,,
2010/02/11,02:13:17,-2.712,,,,,
2010/02/11,06:13:17,-2.976,,,,,
2010/02/11,10:13:17,-4.076,,,,,
2010/02/11,14:13:17,-3.419,,,,,
2010/02/11,18:13:17,-1.785,,,,,
2010/02/11,22:13:17,-2.044,,,,,
2010/02/12,02:13:17,-3.419,,,,,
2010/02/12,06:13:17,-5.018,,,,,
2010/02/12,10:13:17,-5.636,,,,,
2010/02/12,14:13:17,-3.479,,,,,
2010/02/12,18:13:17,-1.185,,,,,
2010/02/12,22:13:17,-2.247,,,,,
2010/02/13,02:13:17,-3.657,,,,,
2010/02/13,06:13:17,-4.439,,,,,
2010/02/13,10:13:17,-5.511,,,,,
2010/02/13,14:13:17,-4.743,,,,,
2010/02/13,18:13:17,-2.566,,,,,
2010/02/13,22:13:17,-3.094,,,,,
2010/02/14,02:13:17,-4.499,,,,,
2010/02/14,06:13:17,-5.141,,,,,
2010/02/14,10:13:17,-5.948,,,,,
2010/02/14,14:13:17,-4.378,,,,,
2010/02/14,18:13:17,-1.871,,,,,
2010/02/14,22:13:17,-1.785,,,,,
2010/02/15,02:13:17,-2.044,,,,,
2010/02/15,06:13:17,-2.625,,,,,
2010/02/15,10:13:17,-1.842,,,,,
2010/02/15,14:13:17,1.317,,,,,
2010/02/15,18:13:17,1.832,,,,,
2010/02/15,22:13:17,0.522,,,,,
2010/02/16,02:13:17,-0.789,,,,,
2010/02/16,06:13:17,-1.613,,,,,
2010/02/16,10:13:17,-2.247,,,,,
2010/02/16,14:13:17,-0.620,,,,,
2010/02/16,18:13:17,0.825,,,,,
2010/02/16,22:13:17,0.107,,,,,
2010/02/17,02:13:17,-0.676,,,,,
2010/02/17,06:13:17,-1.242,,,,,
2010/02/17,10:13:17,-1.584,,,,,
2010/02/17,14:13:17,0.135,,,,,
2010/02/17,18:13:17,1.778,,,,,
2010/02/17,22:13:17,0.605,,,,,
2010/02/18,02:13:17,0.079,,,,,
2010/02/18,06:13:17,0.218,,,,,
2010/02/18,10:13:17,0.439,,,,,
2010/02/18,14:13:17,1.886,,,,,
2010/02/18,18:13:17,2.101,,,,,
2010/02/18,22:13:17,0.825,,,,,
2010/02/19,02:13:17,-0.227,,,,,
2010/02/19,06:13:17,0.301,,,,,
2010/02/19,10:13:17,1.453,,,,,
2010/02/19,14:13:17,5.616,,,,,
2010/02/19,18:13:17,6.737,,,,,
2010/02/19,22:13:17,3.643,,,,,
2010/02/20,02:13:17,1.832,,,,,
2010/02/20,06:13:17,-0.116,,,,,
2010/02/20,10:13:17,-1.670,,,,,
2010/02/20,14:13:17,2.209,,,,,
2010/02/20,18:13:17,3.932,,,,,
2010/02/20,22:13:17,2.262,,,,,
2010/02/21,02:13:17,-0.873,,,,,
2010/02/21,06:13:17,-2.392,,,,,
2010/02/21,10:13:17,-1.670,,,,,
2010/02/21,14:13:17,1.153,,,,,
2010/02/21,18:13:17,3.827,,,,,
2010/02/21,22:13:17,1.967,,,,,
2010/02/22,02:13:17,0.715,,,,,
2010/02/22,06:13:17,-1.071,,,,,
2010/02/22,10:13:17,-2.742,,,,,
2010/02/22,14:13:17,4.688,,,,,
2010/02/22,18:13:17,7.995,,,,,
2010/02/22,22:13:17,2.047,,,,,
2010/02/23,02:13:17,-3.330,,,,,
2010/02/23,06:13:17,-6.357,,,,,
2010/02/23,10:13:17,-7.348,,,,,
2010/02/23,14:13:17,3.089,,,,,
2010/02/23,18:13:17,5.847,,,,,
2010/02/23,22:13:17,1.994,,,,,
2010/02/24,02:13:17,6.306,,,,,
2010/02/24,06:13:17,17.843,,,,,
2010/02/24,10:13:17,9.015,,,,,
2010/02/24,14:13:17,18.652,,,,,
2010/02/24,18:13:17,19.627,,,,,
2010/02/24,22:13:17,16.915,,,,,
2010/02/25,02:13:17,14.314,,,,,
2010/02/25,06:13:17,16.749,,,,,
2010/02/25,10:13:17,17.415,,,,,
2010/02/25,14:13:17,17.629,,,,,
2010/02/25,18:13:17,15.008,,,,,
2010/02/25,22:13:17,15.127,,,,,
2010/02/26,02:13:17,16.630,,,,,
2010/02/26,06:13:17,16.654,,,,,
2010/02/26,10:13:17,18.390,,,,,
2010/02/26,14:13:17,18.794,,,,,
2010/02/26,18:13:17,21.366,,,,,
2010/02/26,22:13:17,18.033,,,,,
2010/02/27,02:13:17,18.628,,,,,
2010/02/27,06:13:17,17.796,,,,,
2010/02/27,10:13:17,17.819,,,,,
2010/02/27,14:13:17,14.218,,,,,
2010/02/27,18:13:17,22.992,,,,,
2010/02/27,22:13:17,17.106,,,,,
2010/02/28,02:13:17,14.242,,,,,
2010/02/28,06:13:17,19.270,,,,,
2010/02/28,10:13:17,15.939,,,,,
2010/02/28,14:13:17,23.617,,,,,
2010/02/28,18:13:17,19.603,,,,,
2010/02/28,22:13:17,24.557,,,,,
2010/03/01,02:13:17,20.817,,,,,
2010/03/01,06:13:17,15.819,,,,,
2010/03/01,10:13:17,18.414,,,,,
2010/03/01,14:13:17,20.246,,,,,
2010/03/01,18:13:17,17.225,,,,,
2010/03/01,22:13:17,18.438,,,,,
2010/03/02,02:13:17,17.011,,,,,
2010/03/02,06:13:17,14.912,,,,,
2010/03/02,10:13:17,15.485,,,,,
2010/03/02,14:13:17,14.553,,,,,
2010/03/02,18:13:17,15.700,,,,,
2010/03/02,22:13:17,17.106,,,,,
2010/03/03,02:13:17,16.272,,,,,
2010/03/03,06:13:17,15.366,,,,,
2010/03/03,10:13:17,15.724,,,,,
2010/03/03,14:13:17,17.701,,,,,
2010/03/03,18:13:17,18.271,,,,,
2010/03/03,22:13:17,16.796,,,,,
2010/03/04,02:13:17,12.461,,,,,
2010/03/04,06:13:17,12.292,,,,,
2010/03/04,10:13:17,16.963,,,,,
2010/03/04,14:13:17,17.558,,,,,
2010/03/04,18:13:17,16.987,,,,,
2010/03/04,22:13:17,17.510,,,,,
2010/03/05,02:13:17,16.677,,,,,
2010/03/05,06:13:17,13.425,,,,,
2010/03/05,10:13:17,17.011,,,,,
2010/03/05,14:13:17,18.557,,,,,
2010/03/05,18:13:17,20.793,,,,,
2010/03/05,22:13:17,14.433,,,,,
2010/03/06,02:13:17,11.686,,,,,
2010/03/06,06:13:17,8.494,,,,,
2010/03/06,10:13:17,11.224,,,,,
2010/03/06,14:13:17,9.952,,,,,
2010/03/06,18:13:17,14.745,,,,,
2010/03/06,22:13:17,15.748,,,,,
2010/03/07,02:13:17,12.678,,,,,
2010/03/07,06:13:17,8.394,,,,,
2010/03/07,10:13:17,15.103,,,,,
2010/03/07,14:13:17,19.532,,,,,
2010/03/07,18:13:17,18.961,,,,,
2010/03/07,22:13:17,21.628,,,,,
2010/03/08,02:13:17,19.984,,,,,
2010/03/08,06:13:17,16.773,,,,,
2010/03/08,10:13:17,20.341,,,,,
2010/03/08,14:13:17,18.842,,,,,
2010/03/08,18:13:17,17.629,,,,,
2010/03/08,22:13:17,14.912,,,,,
2010/03/09,02:13:17,13.954,,,,,
2010/03/09,06:13:17,15.127,,,,,
2010/03/09,10:13:17,14.050,,,,,
2010/03/09,14:13:17,13.906,,,,,
2010/03/09,18:13:17,14.601,,,,,
2010/03/09,22:13:17,17.130,,,,,
2010/03/10,02:13:17,14.242,,,,,
2010/03/10,06:13:17,10.001,,,,,
2010/03/10,10:13:17,17.249,,,,,
2010/03/10,14:13:17,16.939,,,,,
2010/03/10,18:13:17,18.937,,,,,
2010/03/10,22:13:17,18.390,,,,,
2010/03/11,02:13:17,17.843,,,,,
2010/03/11,06:13:17,12.074,,,,,
2010/03/11,10:13:17,16.201,,,,,
2010/03/11,14:13:17,16.844,,,,,
2010/03/11,18:13:17,15.796,,,,,
2010/03/11,22:13:17,15.485,,,,,
2010/03/12,02:13:17,14.433,,,,,
2010/03/12,06:13:17,11.102,,,,,
2010/03/12,10:13:17,15.557,,,,,
2010/03/12,14:13:17,17.415,,,,,
2010/03/12,18:13:17,19.484,,,,,
2010/03/12,22:13:17,14.218,,,,,
2010/03/13,02:13:17,14.816,,,,,
2010/03/13,06:13:17,12.025,,,,,
2010/03/13,10:13:17,17.130,,,,,
2010/03/13,14:13:17,20.174,,,,,
2010/03/13,18:13:17,17.986,,,,,
2010/03/13,22:13:17,16.344,,,,,
2010/03/14,02:13:17,17.724,,,,,
2010/03/14,06:13:17,14.409,,,,,
2010/03/14,10:13:17,18.580,,,,,
2010/03/14,14:13:17,19.460,,,,,
2010/03/14,18:13:17,19.103,,,,,
2010/03/14,22:13:17,18.366,,,,,
2010/03/15,02:13:17,18.675,,,,,
2010/03/15,06:13:17,17.368,,,,,
2010/03/15,10:13:17,16.534,,,,,
2010/03/15,14:13:17,19.365,,,,,
2010/03/15,18:13:17,18.675,,,,,
2010/03/15,22:13:17,17.677,,,,,
2010/03/16,02:13:17,14.768,,,,,
2010/03/16,06:13:17,13.040,,,,,
2010/03/16,10:13:17,18.438,,,,,
2010/03/16,14:13:17,20.817,,,,,
2010/03/16,18:13:17,18.866,,,,,
2010/03/16,22:13:17,21.676,,,,,
2010/03/17,02:13:17,19.294,,,,,
2010/03/17,06:13:17,14.409,,,,,
2010/03/17,10:13:17,17.486,,,,,
2010/03/17,14:13:17,20.579,,,,,
2010/03/17,18:13:17,18.509,,,,,
2010/03/17,22:13:17,20.436,,,,,
2010/03/18,02:13:17,17.701,,,,,
2010/03/18,06:13:17,14.912,,,,,
2010/03/18,10:13:17,17.034,,,,,
2010/03/18,14:13:17,20.484,,,,,
2010/03/18,18:13:17,21.294,,,,,
2010/03/18,22:13:17,21.008,,,,,
2010/03/19,02:13:17,18.176,,,,,
2010/03/19,06:13:17,15.629,,,,,
2010/03/19,10:13:17,20.436,,,,,
2010/03/19,14:13:17,20.770,,,,,
2010/03/19,18:13:17,19.365,,,,,
2010/03/19,22:13:17,18.247,,,,,
2010/03/20,02:13:17,19.222,,,,,
2010/03/20,06:13:17,15.891,,,,,
2010/03/20,10:13:17,16.606,,,,,
2010/03/20,14:13:17,17.225,,,,,
2010/03/20,18:13:17,15.414,,,,,
2010/03/20,22:13:17,17.225,,,,,
2010/03/21,02:13:17,18.937,,,,,
2010/03/21,06:13:17,16.201,,,,,
2010/03/21,10:13:17,18.699,,,,,
2010/03/21,14:13:17,20.770,,,,,
2010/03/21,18:13:17,21.676,,,,,
2010/03/21,22:13:17,18.794,,,,,
2010/03/22,02:13:17,16.534,,,,,
2010/03/22,06:13:17,16.153,,,,,
2010/03/22,10:13:17,17.415,,,,,
2010/03/22,14:13:17,18.652,,,,,
2010/03/22,18:13:17,21.032,,,,,
2010/03/22,22:13:17,18.818,,,,,
2010/03/23,02:13:17,18.937,,,,,
2010/03/23,06:13:17,16.725,,,,,
2010/03/23,10:13:17,19.056,,,,,
2010/03/23,14:13:17,20.627,,,,,
2010/03/23,18:13:17,19.793,,,,,
2010/03/23,22:13:17,19.960,,,,,
2010/03/24,02:13:17,18.509,,,,,
2010/03/24,06:13:17,16.415,,,,,
2010/03/24,10:13:17,18.224,,,,,
2010/03/24,14:13:17,18.652,,,,,
2010/03/24,18:13:17,21.008,,,,,
2010/03/24,22:13:17,18.152,,,,,
2010/03/25,02:13:17,15.748,,,,,
2010/03/25,06:13:17,15.318,,,,,
2010/03/25,10:13:17,17.106,,,,,
2010/03/25,14:13:17,19.508,,,,,
2010/03/25,18:13:17,20.936,,,,,
2010/03/25,22:13:17,19.508,,,,,
2010/03/26,02:13:17,19.532,,,,,
2010/03/26,06:13:17,16.368,,,,,
2010/03/26,10:13:17,22.178,,,,,
2010/03/26,14:13:17,18.675,,,,,
2010/03/26,18:13:17,20.960,,,,,
2010/03/26,22:13:17,18.580,,,,,
2010/03/27,02:13:17,18.343,,,,,
2010/03/27,06:13:17,18.533,,,,,
2010/03/27,10:13:17,19.294,,,,,
2010/03/27,14:13:17,20.293,,,,,
2010/03/27,18:13:17,18.105,,,,,
2010/03/27,22:13:17,19.532,,,,,
2010/03/28,02:13:17,17.534,,,,,
2010/03/28,06:13:17,14.146,,,,,
2010/03/28,10:13:17,16.225,,,,,
2010/03/28,14:13:17,15.796,,,,,
2010/03/28,18:13:17,16.296,,,,,
2010/03/28,22:13:17,16.392,,,,,
2010/03/29,02:13:17,15.390,,,,,
2010/03/29,06:13:17,14.697,,,,,
2010/03/29,10:13:17,15.485,,,,,
2010/03/29,14:13:17,16.582,,,,,
2010/03/29,18:13:17,18.580,,,,,
2010/03/29,22:13:17,15.843,,,,,
2010/03/30,02:13:17,17.677,,,,,
2010/03/30,06:13:17,16.368,,,,,
2010/03/30,10:13:17,17.415,,,,,
2010/03/30,14:13:17,15.366,,,,,
2010/03/30,18:13:17,17.843,,,,,
2010/03/30,22:13:17,19.032,,,,,
2010/03/31,02:13:17,16.630,,,,,
2010/03/31,06:13:17,17.344,,,,,
2010/03/31,10:13:17,18.033,,,,,
2010/03/31,14:13:17,17.891,,,,,
2010/03/31,18:13:17,19.294,,,,,
2010/03/31,22:13:17,20.150,,,,,
2010/04/01,02:13:17,18.771,,,,,
2010/04/01,06:13:17,15.748,,,,,
2010/04/01,10:13:17,18.509,,,,,
2010/04/01,14:13:17,18.485,,,,,
2010/04/01,18:13:17,20.246,,,,,
2010/04/01,22:13:17,19.603,,,,,
2010/04/02,02:13:17,19.532,,,,,
2010/04/02,06:13:17,17.653,,,,,
2010/04/02,10:13:17,18.628,,,,,
2010/04/02,14:13:17,18.557,,,,,
2010/04/02,18:13:17,18.866,,,,,
2010/04/02,22:13:17,17.463,,,,,
2010/04/03,02:13:17,18.366,,,,,
2010/04/03,06:13:17,17.058,,,,,
2010/04/03,10:13:17,18.295,,,,,
2010/04/03,14:13:17,16.773,,,,,
2010/04/03,18:13:17,20.698,,,,,
2010/04/03,22:13:17,19.912,,,,,
2010/04/04,02:13:17,18.010,,,,,
2010/04/04,06:13:17,15.652,,,,,
2010/04/04,10:13:17,17.153,,,,,
2010/04/04,14:13:17,20.960,,,,,
2010/04/04,18:13:17,22.393,,,,,
2010/04/04,22:13:17,20.007,,,,,
2010/04/05,02:13:17,16.844,,,,,
2010/04/05,06:13:17,15.963,,,,,
2010/04/05,10:13:17,19.365,,,,,
2010/04/05,14:13:17,23.857,,,,,
2010/04/05,18:13:17,21.891,,,,,
2010/04/05,22:13:17,19.318,,,,,
2010/04/06,02:13:17,19.151,,,,,
2010/04/06,06:13:17,17.368,,,,,
2010/04/06,10:13:17,19.841,,,,,
2010/04/06,14:13:17,21.700,,,,,
2010/04/06,18:13:17,20.341,,,,,
2010/04/06,22:13:17,20.936,,,,,
2010/04/07,02:13:17,17.724,,,,,
2010/04/07,06:13:17,13.570,,,,,
2010/04/07,10:13:17,19.222,,,,,
2010/04/07,14:13:17,3.617,,,,,
2010/04/07,18:13:17,3.591,,,,,
2010/04/07,22:13:17,3.854,,,,,
2010/04/08,02:13:17,3.801,,,,,
2010/04/08,06:13:17,3.722,,,,,
2010/04/08,10:13:17,3.827,,,,,
2010/04/08,14:13:17,3.801,,,,,
2010/04/08,18:13:17,3.775,,,,,
2010/04/08,22:13:17,3.906,,,,,
2010/04/09,02:13:17,3.854,,,,,
2010/04/09,06:13:17,3.722,,,,,
2010/04/09,10:13:17,3.827,,,,,
2010/04/09,14:13:17,3.958,,,,,
2010/04/09,18:13:17,3.827,,,,,
2010/04/09,22:13:17,3.985,,,,,
2010/04/10,02:13:17,4.011,,,,,
2010/04/10,06:13:17,3.854,,,,,
2010/04/10,10:13:17,3.827,,,,,
2010/04/10,14:13:17,3.932,,,,,
2010/04/10,18:13:17,3.985,,,,,
2010/04/10,22:13:17,3.696,,,,,
2010/04/11,02:13:17,3.696,,,,,
2010/04/11,06:13:17,3.749,,,,,
2010/04/11,10:13:17,3.670,,,,,
2010/04/11,14:13:17,3.643,,,,,
2010/04/11,18:13:17,3.801,,,,,
2010/04/11,22:13:17,3.722,,,,,
2010/04/12,02:13:17,3.670,,,,,
2010/04/12,06:13:17,3.722,,,,,
2010/04/12,10:13:17,3.670,,,,,
2010/04/12,14:13:17,3.749,,,,,
2010/04/12,18:13:17,3.775,,,,,
2010/04/12,22:13:17,3.643,,,,,
2010/04/13,02:13:17,3.591,,,,,
2010/04/13,06:13:17,3.591,,,,,
2010/04/13,10:13:17,3.643,,,,,
2010/04/13,14:13:17,3.827,,,,,
2010/04/13,18:13:17,3.958,,,,,
2010/04/13,22:13:17,4.089,,,,,
2010/04/14,02:13:17,3.958,,,,,
2010/04/14,06:13:17,3.906,,,,,
2010/04/14,10:13:17,3.932,,,,,
2010/04/14,14:13:17,3.985,,,,,
2010/04/14,18:13:17,4.011,,,,,
2010/04/14,22:13:17,3.932,,,,,
2010/04/15,02:13:17,3.880,,,,,
2010/04/15,06:13:17,3.775,,,,,
2010/04/15,10:13:17,3.906,,,,,
2010/04/15,14:13:17,4.037,,,,,
2010/04/15,18:13:17,4.089,,,,,
2010/04/15,22:13:17,3.958,,,,,
2010/04/16,02:13:17,4.037,,,,,
2010/04/16,06:13:17,4.011,,,,,
2010/04/16,10:13:17,4.011,,,,,
2010/04/16,14:13:17,3.958,,,,,
2010/04/16,18:13:17,3.932,,,,,
2010/04/16,22:13:17,3.932,,,,,
2010/04/17,02:13:17,3.854,,,,,
2010/04/17,06:13:17,3.880,,,,,
2010/04/17,10:13:17,3.880,,,,,
2010/04/17,14:13:17,3.854,,,,,
2010/04/17,18:13:17,3.854,,,,,
2010/04/17,22:13:17,3.880,,,,,
2010/04/18,02:13:17,3.958,,,,,
2010/04/18,06:13:17,3.854,,,,,
2010/04/18,10:13:17,3.906,,,,,
2010/04/18,14:13:17,3.880,,,,,
2010/04/18,18:13:17,3.854,,,,,
2010/04/18,22:13:17,3.854,,,,,
2010/04/19,02:13:17,3.827,,,,,
2010/04/19,06:13:17,3.827,,,,,
2010/04/19,10:13:17,4.011,,,,,
2010/04/19,14:13:17,4.037,,,,,
2010/04/19,18:13:17,4.037,,,,,
2010/04/19,22:13:17,4.037,,,,,
2010/04/20,02:13:17,4.089,,,,,
2010/04/20,06:13:17,4.141,,,,,
2010/04/20,10:13:17,4.194,,,,,
2010/04/20,14:13:17,4.246,,,,,
2010/04/20,18:13:17,4.298,,,,,
2010/04/20,22:13:17,4.011,,,,,
2010/04/21,02:13:17,4.037,,,,,
2010/04/21,06:13:17,4.089,,,,,
2010/04/21,10:13:17,4.063,,,,,
2010/04/21,14:13:17,4.168,,,,,
2010/04/21,18:13:17,4.324,,,,,
2010/04/21,22:13:17,4.220,,,,,
2010/04/22,02:13:17,4.272,,,,,
2010/04/22,06:13:17,4.402,,,,,
2010/04/22,10:13:17,4.480,,,,,
2010/04/22,14:13:17,4.610,,,,,
2010/04/22,18:13:17,4.766,,,,,
2010/04/22,22:13:17,4.506,,,,,
2010/04/23,02:13:17,4.558,,,,,
2010/04/23,06:13:17,4.921,,,,,
2010/04/23,10:13:17,4.714,,,,,
2010/04/23,14:13:17,4.792,,,,,
2010/04/23,18:13:17,4.895,,,,,
2010/04/23,22:13:17,4.792,,,,,
2010/04/24,02:13:17,4.844,,,,,
2010/04/24,06:13:17,4.844,,,,,
2010/04/24,10:13:17,4.921,,,,,
2010/04/24,14:13:17,4.973,,,,,
2010/04/24,18:13:17,4.973,,,,,
2010/04/24,22:13:17,4.792,,,,,
2010/04/25,02:13:17,4.947,,,,,
2010/04/25,06:13:17,4.869,,,,,
2010/04/25,10:13:17,4.792,,,,,
2010/04/25,14:13:17,4.999,,,,,
2010/04/25,18:13:17,4.844,,,,,
2010/04/25,22:13:17,4.999,,,,,
2010/04/26,02:13:17,4.454,,,,,
2010/04/26,06:13:17,4.480,,,,,
2010/04/26,10:13:17,4.350,,,,,
2010/04/26,14:13:17,4.324,,,,,
2010/04/26,18:13:17,4.428,,,,,
2010/04/26,22:13:17,4.428,,,,,
2010/04/27,02:13:17,4.428,,,,,
2010/04/27,06:13:17,4.558,,,,,
2010/04/27,10:13:17,4.532,,,,,
2010/04/27,14:13:17,4.558,,,,,
2010/04/27,18:13:17,4.895,,,,,
2010/04/27,22:13:17,4.792,,,,,
2010/04/28,02:13:17,4.688,,,,,
2010/04/28,06:13:17,4.740,,,,,
2010/04/28,10:13:17,4.766,,,,,
2010/04/28,14:13:17,4.740,,,,,
2010/04/28,18:13:17,5.102,,,,,
2010/04/28,22:13:17,4.921,,,,,
2010/04/29,02:13:17,4.921,,,,,
2010/04/29,06:13:17,4.999,,,,,
2010/04/29,10:13:17,4.973,,,,,
2010/04/29,14:13:17,4.947,,,,,
2010/04/29,18:13:17,4.999,,,,,
2010/04/29,22:13:17,4.921,,,,,
2010/04/30,02:13:17,5.050,,,,,
2010/04/30,06:13:17,5.154,,,,,
2010/04/30,10:13:17,5.128,,,,,
2010/04/30,14:13:17,5.102,,,,,
2010/04/30,18:13:17,5.076,,,,,
2010/04/30,22:13:17,4.999,,,,,
2010/05/01,02:13:17,5.154,,,,,
2010/05/01,06:13:17,5.231,,,,,
2010/05/01,10:13:17,5.102,,,,,
2010/05/01,14:13:17,5.076,,,,,
2010/05/01,18:13:17,5.050,,,,,
2010/05/01,22:13:17,5.076,,,,,
2010/05/02,02:13:17,5.411,,,,,
2010/05/02,06:13:17,5.411,,,,,
2010/05/02,10:13:17,5.462,,,,,
2010/05/02,14:13:17,5.668,,,,,
2010/05/02,18:13:17,5.179,,,,,
2010/05/02,22:13:17,5.205,,,,,
2010/05/03,02:13:17,5.385,,,,,
2010/05/03,06:13:17,5.257,,,,,
2010/05/03,10:13:17,5.360,,,,,
2010/05/03,14:13:17,5.411,,,,,
2010/05/03,18:13:17,5.385,,,,,
2010/05/03,22:13:17,5.282,,,,,
2010/05/04,02:13:17,5.796,,,,,
2010/05/04,06:13:17,5.796,,,,,
2010/05/04,10:13:17,5.821,,,,,
2010/05/04,14:13:17,5.821,,,,,
2010/05/04,18:13:17,5.847,,,,,
2010/05/04,22:13:17,6.026,,,,,
2010/05/05,02:13:17,5.872,,,,,
2010/05/05,06:13:17,6.179,,,,,
2010/05/05,10:13:17,6.153,,,,,
2010/05/05,14:13:17,6.102,,,,,
2010/05/05,18:13:17,6.433,,,,,
2010/05/05,22:13:17,6.813,,,,,
2010/05/06,02:13:17,6.636,,,,,
2010/05/06,06:13:17,6.839,,,,,
2010/05/06,10:13:17,6.661,,,,,
2010/05/06,14:13:17,6.484,,,,,
2010/05/06,18:13:17,7.066,,,,,
2010/05/06,22:13:17,6.357,,,,,
2010/05/07,02:13:17,6.433,,,,,
2010/05/07,06:13:17,6.408,,,,,
2010/05/07,10:13:17,6.864,,,,,
2010/05/07,14:13:17,6.458,,,,,
2010/05/07,18:13:17,7.795,,,,,
2010/05/07,22:13:17,7.945,,,,,
2010/05/08,02:13:17,7.895,,,,,
2010/05/08,06:13:17,7.895,,,,,
2010/05/08,10:13:17,7.945,,,,,
2010/05/08,14:13:17,7.970,,,,,
2010/05/08,18:13:17,8.245,,,,,
2010/05/08,22:13:17,8.369,,,,,
2010/05/09,02:13:17,8.344,,,,,
2010/05/09,06:13:17,8.319,,,,,
2010/05/09,10:13:17,8.170,,,,,
2010/05/09,14:13:17,7.945,,,,,
2010/05/09,18:13:17,8.792,,,,,
2010/05/09,22:13:17,9.089,,,,,
2010/05/10,02:13:17,9.114,,,,,
2010/05/10,06:13:17,8.817,,,,,
2010/05/10,10:13:17,8.742,,,,,
2010/05/10,14:13:17,7.041,,,,,
2010/05/10,18:13:17,5.616,,,,,
2010/05/10,22:13:17,5.488,,,,,
2010/05/11,02:13:17,5.050,,,,,
2010/05/11,06:13:17,5.050,,,,,
2010/05/11,10:13:17,5.668,,,,,
2010/05/11,14:13:17,4.973,,,,,
2010/05/11,18:13:17,4.766,,,,,
2010/05/11,22:13:17,5.102,,,,,
2010/05/12,02:13:17,5.154,,,,,
2010/05/12,06:13:17,5.024,,,,,
2010/05/12,10:13:17,5.411,,,,,
2010/05/12,14:13:17,5.385,,,,,
2010/05/12,18:13:17,5.385,,,,,
2010/05/12,22:13:17,5.821,,,,,
2010/05/13,02:13:17,5.949,,,,,
2010/05/13,06:13:17,6.051,,,,,
2010/05/13,10:13:17,5.821,,,,,
2010/05/13,14:13:17,6.051,,,,,
2010/05/13,18:13:17,6.000,,,,,
2010/05/13,22:13:17,6.153,,,,,
2010/05/14,02:13:17,5.924,,,,,
2010/05/14,06:13:17,6.026,,,,,
2010/05/14,10:13:17,6.077,,,,,
2010/05/14,14:13:17,5.616,,,,,
2010/05/14,18:13:17,5.102,,,,,
2010/05/14,22:13:17,5.102,,,,,
2010/05/15,02:13:17,5.308,,,,,
2010/05/15,06:13:17,5.308,,,,,
2010/05/15,10:13:17,5.462,,,,,
2010/05/15,14:13:17,5.360,,,,,
2010/05/15,18:13:17,5.821,,,,,
2010/05/15,22:13:17,5.924,,,,,
2010/05/16,02:13:17,6.408,,,,,
2010/05/16,06:13:17,6.331,,,,,
2010/05/16,10:13:17,6.179,,,,,
2010/05/16,14:13:17,6.230,,,,,
2010/05/16,18:13:17,6.102,,,,,
2010/05/16,22:13:17,5.539,,,,,
2010/05/17,02:13:17,5.616,,,,,
2010/05/17,06:13:17,5.514,,,,,
2010/05/17,10:13:17,5.642,,,,,
2010/05/17,14:13:17,5.847,,,,,
2010/05/17,18:13:17,5.693,,,,,
2010/05/17,22:13:17,5.514,,,,,
2010/05/18,02:13:17,5.488,,,,,
2010/05/18,06:13:17,5.488,,,,,
2010/05/18,10:13:17,5.591,,,,,
2010/05/18,14:13:17,5.975,,,,,
2010/05/18,18:13:17,6.281,,,,,
2010/05/18,22:13:17,5.924,,,,,
2010/05/19,02:13:17,6.179,,,,,
2010/05/19,06:13:17,6.153,,,,,
2010/05/19,10:13:17,5.642,,,,,
2010/05/19,14:13:17,6.077,,,,,
2010/05/19,18:13:17,6.255,,,,,
2010/05/19,22:13:17,5.770,,,,,
2010/05/20,02:13:17,6.535,,,,,
2010/05/20,06:13:17,5.719,,,,,
2010/05/20,10:13:17,5.591,,,,,
2010/05/20,14:13:17,5.616,,,,,
2010/05/20,18:13:17,6.128,,,,,
2010/05/20,22:13:17,6.484,,,,,
2010/05/21,02:13:17,6.408,,,,,
2010/05/21,06:13:17,6.636,,,,,
2010/05/21,10:13:17,6.026,,,,,
2010/05/21,14:13:17,6.026,,,,,
2010/05/21,18:13:17,7.695,,,,,
2010/05/21,22:13:17,7.920,,,,,
2010/05/22,02:13:17,7.920,,,,,
2010/05/22,06:13:17,7.945,,,,,
2010/05/22,10:13:17,7.419,,,,,
2010/05/22,14:13:17,6.077,,,,,
2010/05/22,18:13:17,8.245,,,,,
2010/05/22,22:13:17,8.419,,,,,
2010/05/23,02:13:17,8.394,,,,,
2010/05/23,06:13:17,7.419,,,,,
2010/05/23,10:13:17,8.020,,,,,
2010/05/23,14:13:17,7.870,,,,,
2010/05/23,18:13:17,7.970,,,,,
2010/05/23,22:13:17,8.070,,,,,
2010/05/24,02:13:17,8.195,,,,,
2010/05/24,06:13:17,7.820,,,,,
2010/05/24,10:13:17,8.045,,,,,
2010/05/24,14:13:17,8.020,,,,,
2010/05/24,18:13:17,7.945,,,,,
2010/05/24,22:13:17,8.419,,,,,
2010/05/25,02:13:17,8.344,,,,,
2010/05/25,06:13:17,8.344,,,,,
2010/05/25,10:13:17,7.895,,,,,
2010/05/25,14:13:17,7.645,,,,,
2010/05/25,18:13:17,6.940,,,,,
2010/05/25,22:13:17,8.543,,,,,
2010/05/26,02:13:17,8.841,,,,,
2010/05/26,06:13:17,8.693,,,,,
2010/05/26,10:13:17,8.618,,,,,
2010/05/26,14:13:17,8.045,,,,,
2010/05/26,18:13:17,7.970,,,,,
2010/05/26,22:13:17,8.866,,,,,
2010/05/27,02:13:17,9.139,,,,,
2010/05/27,06:13:17,8.543,,,,,
2010/05/27,10:13:17,8.170,,,,,
2010/05/27,14:13:17,8.792,,,,,
2010/05/27,18:13:17,8.170,,,,,
2010/05/27,22:13:17,9.312,,,,,
2010/05/28,02:13:17,9.287,,,,,
2010/05/28,06:13:17,7.995,,,,,
2010/05/28,10:13:17,7.920,,,,,
2010/05/28,14:13:17,8.170,,,,,
2010/05/28,18:13:17,8.543,,,,,
2010/05/28,22:13:17,7.645,,,,,
2010/05/29,02:13:17,6.889,,,,,
2010/05/29,06:13:17,7.116,,,,,
2010/05/29,10:13:17,7.293,,,,,
2010/05/29,14:13:17,7.318,,,,,
2010/05/29,18:13:17,8.568,,,,,
2010/05/29,22:13:17,8.568,,,,,
2010/05/30,02:13:17,10.001,,,,,
2010/05/30,06:13:17,8.519,,,,,
2010/05/30,10:13:17,9.015,,,,,
2010/05/30,14:13:17,10.124,,,,,
2010/05/30,18:13:17,10.810,,,,,
2010/05/30,22:13:17,7.695,,,,,
2010/05/31,02:13:17,10.296,,,,,
2010/05/31,06:13:17,10.271,,,,,
2010/05/31,10:13:17,9.952,,,,,
2010/05/31,14:13:17,9.608,,,,,
2010/05/31,18:13:17,9.485,,,,,
2010/05/31,22:13:17,9.287,,,,,
2010/06/01,02:13:17,9.114,,,,,
2010/06/01,06:13:17,8.295,,,,,
2010/06/01,10:13:17,7.167,,,,,
2010/06/01,14:13:17,9.903,,,,,
2010/06/01,18:13:17,9.287,,,,,
2010/06/01,22:13:17,8.916,,,,,
2010/06/02,02:13:17,8.319,,,,,
2010/06/02,06:13:17,8.990,,,,,
2010/06/02,10:13:17,9.188,,,,,
2010/06/02,14:13:17,9.460,,,,,
2010/06/02,18:13:17,9.558,,,,,
2010/06/02,22:13:17,9.952,,,,,
2010/06/03,02:13:17,10.247,,,,,
2010/06/03,06:13:17,7.745,,,,,
2010/06/03,10:13:17,6.611,,,,,
2010/06/03,14:13:17,6.737,,,,,
2010/06/03,18:13:17,9.632,,,,,
2010/06/03,22:13:17,9.163,,,,,
2010/06/04,02:13:17,9.558,,,,,
2010/06/04,06:13:17,8.394,,,,,
2010/06/04,10:13:17,9.706,,,,,
2010/06/04,14:13:17,9.435,,,,,
2010/06/04,18:13:17,9.731,,,,,
2010/06/04,22:13:17,10.124,,,,,
2010/06/05,02:13:17,7.343,,,,,
2010/06/05,06:13:17,6.560,,,,,
2010/06/05,10:13:17,6.281,,,,,
2010/06/05,14:13:17,6.636,,,,,
2010/06/05,18:13:17,7.167,,,,,
2010/06/05,22:13:17,6.230,,,,,
2010/06/06,02:13:17,6.128,,,,,
2010/06/06,06:13:17,6.000,,,,,
2010/06/06,10:13:17,7.142,,,,,
2010/06/06,14:13:17,6.661,,,,,
2010/06/06,18:13:17,8.170,,,,,
2010/06/06,22:13:17,6.687,,,,,
2010/06/07,02:13:17,7.242,,,,,
2010/06/07,06:13:17,9.435,,,,,
2010/06/07,10:13:17,8.717,,,,,
2010/06/07,14:13:17,9.928,,,,,
2010/06/07,18:13:17,10.761,,,,,
2010/06/07,22:13:17,11.200,,,,,
2010/06/08,02:13:17,11.346,,,,,
2010/06/08,06:13:17,8.916,,,,,
2010/06/08,10:13:17,9.089,,,,,
2010/06/08,14:13:17,10.541,,,,,
2010/06/08,18:13:17,10.492,,,,,
2010/06/08,22:13:17,11.492,,,,,
2010/06/09,02:13:17,11.297,,,,,
2010/06/09,06:13:17,8.120,,,,,
2010/06/09,10:13:17,10.320,,,,,
2010/06/09,14:13:17,10.271,,,,,
2010/06/09,18:13:17,10.394,,,,,
2010/06/09,22:13:17,11.492,,,,,
2010/06/10,02:13:17,10.980,,,,,
2010/06/10,06:13:17,10.834,,,,,
2010/06/10,10:13:17,10.541,,,,,
2010/06/10,14:13:17,10.907,,,,,
2010/06/10,18:13:17,9.682,,,,,
2010/06/10,22:13:17,11.613,,,,,
2010/06/11,02:13:17,10.345,,,,,
2010/06/11,06:13:17,8.120,,,,,
2010/06/11,10:13:17,9.188,,,,,
2010/06/11,14:13:17,10.565,,,,,
2010/06/11,18:13:17,7.519,,,,,
2010/06/11,22:13:17,7.619,,,,,
2010/06/12,02:13:17,7.770,,,,,
2010/06/12,06:13:17,7.720,,,,,
2010/06/12,10:13:17,8.519,,,,,
2010/06/12,14:13:17,9.386,,,,,
2010/06/12,18:13:17,9.386,,,,,
2010/06/12,22:13:17,10.932,,,,,
2010/06/13,02:13:17,7.519,,,,,
2010/06/13,06:13:17,9.114,,,,,
2010/06/13,10:13:17,9.805,,,,,
2010/06/13,14:13:17,11.248,,,,,
2010/06/13,18:13:17,11.419,,,,,
2010/06/13,22:13:17,11.224,,,,,
2010/06/14,02:13:17,10.980,,,,,
2010/06/14,06:13:17,10.443,,,,,
2010/06/14,10:13:17,9.509,,,,,
2010/06/14,14:13:17,9.435,,,,,
2010/06/14,18:13:17,8.941,,,,,
2010/06/14,22:13:17,7.820,,,,,
2010/06/15,02:13:17,9.706,,,,,
2010/06/15,06:13:17,9.287,,,,,
2010/06/15,10:13:17,9.287,,,,,
2010/06/15,14:13:17,9.706,,,,,
2010/06/15,18:13:17,9.780,,,,,
2010/06/15,22:13:17,8.295,,,,,
2010/06/16,02:13:17,9.163,,,,,
2010/06/16,06:13:17,8.866,,,,,
2010/06/16,10:13:17,8.469,,,,,
2010/06/16,14:13:17,9.015,,,,,
2010/06/16,18:13:17,8.866,,,,,
2010/06/16,22:13:17,8.220,,,,,
2010/06/17,02:13:17,8.817,,,,,
2010/06/17,06:13:17,8.444,,,,,
2010/06/17,10:13:17,8.469,,,,,
2010/06/17,14:13:17,9.040,,,,,
2010/06/17,18:13:17,8.990,,,,,
2010/06/17,22:13:17,8.792,,,,,
2010/06/18,02:13:17,9.089,,,,,
2010/06/18,06:13:17,8.593,,,,,
2010/06/18,10:13:17,8.643,,,,,
2010/06/18,14:13:17,8.295,,,,,
2010/06/18,18:13:17,9.064,,,,,
2010/06/18,22:13:17,8.444,,,,,
2010/06/19,02:13:17,8.145,,,,,
2010/06/19,06:13:17,8.444,,,,,
2010/06/19,10:13:17,8.792,,,,,
2010/06/19,14:13:17,8.469,,,,,
2010/06/19,18:13:17,9.089,,,,,
2010/06/19,22:13:17,8.891,,,,,
2010/06/20,02:13:17,7.293,,,,,
2010/06/20,06:13:17,7.995,,,,,
2010/06/20,10:13:17,8.543,,,,,
2010/06/20,14:13:17,8.170,,,,,
2010/06/20,18:13:17,9.114,,,,,
2010/06/20,22:13:17,8.767,,,,,
2010/06/21,02:13:17,7.770,,,,,
2010/06/21,06:13:17,8.717,,,,,
2010/06/21,10:13:17,7.167,,,,,
2010/06/21,14:13:17,8.319,,,,,
2010/06/21,18:13:17,9.386,,,,,
2010/06/21,22:13:17,10.687,,,,,
2010/06/22,02:13:17,9.903,,,,,
2010/06/22,06:13:17,8.941,,,,,
2010/06/22,10:13:17,10.271,,,,,
2010/06/22,14:13:17,8.965,,,,,
2010/06/22,18:13:17,9.188,,,,,
2010/06/22,22:13:17,10.858,,,,,
2010/06/23,02:13:17,10.492,,,,,
2010/06/23,06:13:17,10.051,,,,,
2010/06/23,10:13:17,10.394,,,,,
2010/06/23,14:13:17,10.418,,,,,
2010/06/23,18:13:17,9.756,,,,,
2010/06/23,22:13:17,11.078,,,,,
2010/06/24,02:13:17,10.320,,,,,
2010/06/24,06:13:17,9.213,,,,,
2010/06/24,10:13:17,10.467,,,,,
2010/06/24,14:13:17,10.956,,,,,
2010/06/24,18:13:17,10.173,,,,,
2010/06/24,22:13:17,11.565,,,,,
2010/06/25,02:13:17,10.980,,,,,
2010/06/25,06:13:17,10.173,,,,,
2010/06/25,10:13:17,10.394,,,,,
2010/06/25,14:13:17,10.980,,,,,
2010/06/25,18:13:17,9.977,,,,,
2010/06/25,22:13:17,10.932,,,,,
2010/06/26,02:13:17,10.932,,,,,
2010/06/26,06:13:17,8.717,,,,,
2010/06/26,10:13:17,9.238,,,,,
2010/06/26,14:13:17,9.336,,,,,
2010/06/26,18:13:17,9.163,,,,,
2010/06/26,22:13:17,10.516,,,,,
2010/06/27,02:13:17,7.594,,,,,
2010/06/27,06:13:17,9.213,,,,,
2010/06/27,10:13:17,8.717,,,,,
2010/06/27,14:13:17,9.583,,,,,
2010/06/27,18:13:17,8.792,,,,,
2010/06/27,22:13:17,9.188,,,,,
2010/06/28,02:13:17,7.670,,,,,
2010/06/28,06:13:17,8.916,,,,,
2010/06/28,10:13:17,9.139,,,,,
2010/06/28,14:13:17,9.312,,,,,
2010/06/28,18:13:17,9.435,,,,,
2010/06/28,22:13:17,9.485,,,,,
2010/06/29,02:13:17,8.742,,,,,
2010/06/29,06:13:17,9.731,,,,,
2010/06/29,10:13:17,9.015,,,,,
2010/06/29,14:13:17,8.494,,,,,
2010/06/29,18:13:17,9.558,,,,,
2010/06/29,22:13:17,8.593,,,,,
2010/06/30,02:13:17,8.916,,,,,
2010/06/30,06:13:17,10.516,,,,,
2010/06/30,10:13:17,8.916,,,,,
2010/06/30,14:13:17,9.089,,,,,
2010/06/30,18:13:17,10.590,,,,,
2010/06/30,22:13:17,10.394,,,,,
2010/07/01,02:13:17,10.001,,,,,
2010/07/01,06:13:17,9.928,,,,,
2010/07/01,10:13:17,9.040,,,,,
2010/07/01,14:13:17,8.965,,,,,
2010/07/01,18:13:17,11.759,,,,,
2010/07/01,22:13:17,8.891,,,,,
2010/07/02,02:13:17,9.509,,,,,
2010/07/02,06:13:17,9.139,,,,,
2010/07/02,10:13:17,9.928,,,,,
2010/07/02,14:13:17,10.100,,,,,
2010/07/02,18:13:17,10.149,,,,,
2010/07/02,22:13:17,8.742,,,,,
2010/07/03,02:13:17,10.858,,,,,
2010/07/03,06:13:17,8.020,,,,,
2010/07/03,10:13:17,8.643,,,,,
2010/07/03,14:13:17,10.394,,,,,
2010/07/03,18:13:17,8.668,,,,,
2010/07/03,22:13:17,11.273,,,,,
2010/07/04,02:13:17,10.590,,,,,
2010/07/04,06:13:17,8.170,,,,,
2010/07/04,10:13:17,9.386,,,,,
2010/07/04,14:13:17,10.614,,,,,
2010/07/04,18:13:17,9.706,,,,,
2010/07/04,22:13:17,8.494,,,,,
2010/07/05,02:13:17,7.970,,,,,
2010/07/05,06:13:17,8.568,,,,,
2010/07/05,10:13:17,8.568,,,,,
2010/07/05,14:13:17,8.319,,,,,
2010/07/05,18:13:17,8.394,,,,,
2010/07/05,22:13:17,9.238,,,,,
2010/07/06,02:13:17,10.418,,,,,
2010/07/06,06:13:17,9.089,,,,,
2010/07/06,10:13:17,11.078,,,,,
2010/07/06,14:13:17,11.370,,,,,
2010/07/06,18:13:17,9.977,,,,,
2010/07/06,22:13:17,11.053,,,,,
2010/07/07,02:13:17,11.175,,,,,
2010/07/07,06:13:17,9.139,,,,,
2010/07/07,10:13:17,9.731,,,,,
2010/07/07,14:13:17,10.345,,,,,
2010/07/07,18:13:17,8.593,,,,,
2010/07/07,22:13:17,7.544,,,,,
2010/07/08,02:13:17,8.494,,,,,
2010/07/08,06:13:17,7.544,,,,,
2010/07/08,10:13:17,9.485,,,,,
2010/07/08,14:13:17,10.956,,,,,
2010/07/08,18:13:17,8.543,,,,,
2010/07/08,22:13:17,8.120,,,,,
2010/07/09,02:13:17,8.469,,,,,
2010/07/09,06:13:17,8.344,,,,,
2010/07/09,10:13:17,7.870,,,,,
2010/07/09,14:13:17,9.114,,,,,
2010/07/09,18:13:17,9.756,,,,,
2010/07/09,22:13:17,7.970,,,,,
2010/07/10,02:13:17,9.064,,,,,
2010/07/10,06:13:17,8.792,,,,,
2010/07/10,10:13:17,7.845,,,,,
2010/07/10,14:13:17,9.928,,,,,
2010/07/10,18:13:17,10.516,,,,,
2010/07/10,22:13:17,10.956,,,,,
2010/07/11,02:13:17,10.590,,,,,
2010/07/11,06:13:17,8.095,,,,,
2010/07/11,10:13:17,8.593,,,,,
2010/07/11,14:13:17,9.928,,,,,
2010/07/11,18:13:17,8.494,,,,,
2010/07/11,22:13:17,11.637,,,,,
2010/07/12,02:13:17,11.127,,,,,
2010/07/12,06:13:17,9.903,,,,,
2010/07/12,10:13:17,9.952,,,,,
2010/07/12,14:13:17,10.418,,,,,
2010/07/12,18:13:17,9.262,,,,,
2010/07/12,22:13:17,9.879,,,,,
2010/07/13,02:13:17,10.149,,,,,
2010/07/13,06:13:17,9.485,,,,,
2010/07/13,10:13:17,9.780,,,,,
2010/07/13,14:13:17,9.829,,,,,
2010/07/13,18:13:17,10.051,,,,,
2010/07/13,22:13:17,9.583,,,,,
2010/07/14,02:13:17,10.296,,,,,
2010/07/14,06:13:17,9.977,,,,,
2010/07/14,10:13:17,10.100,,,,,
2010/07/14,14:13:17,9.805,,,,,
2010/07/14,18:13:17,9.534,,,,,
2010/07/14,22:13:17,10.075,,,,,
2010/07/15,02:13:17,10.198,,,,,
2010/07/15,06:13:17,10.100,,,,,
2010/07/15,10:13:17,9.952,,,,,
2010/07/15,14:13:17,11.273,,,,,
2010/07/15,18:13:17,11.492,,,,,
2010/07/15,22:13:17,9.780,,,,,
2010/07/16,02:13:17,10.687,,,,,
2010/07/16,06:13:17,10.761,,,,,
2010/07/16,10:13:17,10.173,,,,,
2010/07/16,14:13:17,10.100,,,,,
2010/07/16,18:13:17,11.248,,,,,
2010/07/16,22:13:17,10.687,,,,,
2010/07/17,02:13:17,10.565,,,,,
2010/07/17,06:13:17,10.124,,,,,
2010/07/17,10:13:17,10.394,,,,,
2010/07/17,14:13:17,11.613,,,,,
2010/07/17,18:13:17,11.856,,,,,
2010/07/17,22:13:17,11.029,,,,,
2010/07/18,02:13:17,9.928,,,,,
2010/07/18,06:13:17,9.583,,,,,
2010/07/18,10:13:17,10.222,,,,,
2010/07/18,14:13:17,10.541,,,,,
2010/07/18,18:13:17,10.638,,,,,
2010/07/18,22:13:17,9.682,,,,,
2010/07/19,02:13:17,9.460,,,,,
2010/07/19,06:13:17,9.706,,,,,
2010/07/19,10:13:17,11.516,,,,,
2010/07/19,14:13:17,9.928,,,,,
2010/07/19,18:13:17,9.386,,,,,
2010/07/19,22:13:17,10.026,,,,,
2010/07/20,02:13:17,9.361,,,,,
2010/07/20,06:13:17,9.558,,,,,
2010/07/20,10:13:17,10.516,,,,,
2010/07/20,14:13:17,10.638,,,,,
2010/07/20,18:13:17,10.883,,,,,
2010/07/20,22:13:17,10.736,,,,,
2010/07/21,02:13:17,10.785,,,,,
2010/07/21,06:13:17,12.219,,,,,
2010/07/21,10:13:17,12.920,,,,,
2010/07/21,14:13:17,12.122,,,,,
2010/07/21,18:13:17,12.461,,,,,
2010/07/21,22:13:17,12.654,,,,,
2010/07/22,02:13:17,11.565,,,,,
2010/07/22,06:13:17,11.053,,,,,
2010/07/22,10:13:17,10.761,,,,,
2010/07/22,14:13:17,10.834,,,,,
2010/07/22,18:13:17,10.785,,,,,
2010/07/22,22:13:17,11.151,,,,,
2010/07/23,02:13:17,10.980,,,,,
2010/07/23,06:13:17,10.810,,,,,
2010/07/23,10:13:17,11.151,,,,,
2010/07/23,14:13:17,11.637,,,,,
2010/07/23,18:13:17,11.832,,,,,
2010/07/23,22:13:17,12.074,,,,,
2010/07/24,02:13:17,11.613,,,,,
2010/07/24,06:13:17,11.370,,,,,
2010/07/24,10:13:17,11.686,,,,,
2010/07/24,14:13:17,11.540,,,,,
2010/07/24,18:13:17,10.345,,,,,
2010/07/24,22:13:17,10.736,,,,,
2010/07/25,02:13:17,11.224,,,,,
2010/07/25,06:13:17,10.026,,,,,
2010/07/25,10:13:17,10.418,,,,,
2010/07/25,14:13:17,10.907,,,,,
2010/07/25,18:13:17,10.198,,,,,
2010/07/25,22:13:17,10.369,,,,,
2010/07/26,02:13:17,10.663,,,,,
2010/07/26,06:13:17,10.467,,,,,
2010/07/26,10:13:17,10.590,,,,,
2010/07/26,14:13:17,11.029,,,,,
2010/07/26,18:13:17,10.492,,,,,
2010/07/26,22:13:17,10.541,,,,,
2010/07/27,02:13:17,10.492,,,,,
2010/07/27,06:13:17,10.638,,,,,
2010/07/27,10:13:17,10.443,,,,,
2010/07/27,14:13:17,10.834,,,,,
2010/07/27,18:13:17,11.175,,,,,
2010/07/27,22:13:17,11.467,,,,,
2010/07/28,02:13:17,11.686,,,,,
2010/07/28,06:13:17,11.151,,,,,
2010/07/28,10:13:17,10.712,,,,,
2010/07/28,14:13:17,11.200,,,,,
2010/07/28,18:13:17,10.443,,,,,
2010/07/28,22:13:17,11.029,,,,,
2010/07/29,02:13:17,10.222,,,,,
2010/07/29,06:13:17,10.345,,,,,
2010/07/29,10:13:17,10.247,,,,,
2010/07/29,14:13:17,10.712,,,,,
2010/07/29,18:13:17,10.467,,,,,
2010/07/29,22:13:17,10.369,,,,,
2010/07/30,02:13:17,10.001,,,,,
2010/07/30,06:13:17,11.200,,,,,
2010/07/30,10:13:17,10.369,,,,,
2010/07/30,14:13:17,9.903,,,,,
2010/07/30,18:13:17,10.222,,,,,
2010/07/30,22:13:17,9.632,,,,,
2010/07/31,02:13:17,10.051,,,,,
2010/07/31,06:13:17,10.467,,,,,
2010/07/31,10:13:17,10.541,,,,,
2010/07/31,14:13:17,10.320,,,,,
2010/07/31,18:13:17,10.785,,,,,
2010/07/31,22:13:17,10.907,,,,,
2010/08/01,02:13:17,10.663,,,,,
2010/08/01,06:13:17,11.321,,,,,
2010/08/01,10:13:17,10.834,,,,,
2010/08/01,14:13:17,10.467,,,,,
2010/08/01,18:13:17,11.005,,,,,
2010/08/01,22:13:17,11.394,,,,,
2010/08/02,02:13:17,12.098,,,,,
2010/08/02,06:13:17,11.078,,,,,
2010/08/02,10:13:17,10.271,,,,,
2010/08/02,14:13:17,11.029,,,,,
2010/08/02,18:13:17,11.248,,,,,
2010/08/02,22:13:17,11.929,,,,,
2010/08/03,02:13:17,12.171,,,,,
2010/08/03,06:13:17,9.952,,,,,
2010/08/03,10:13:17,10.075,,,,,
2010/08/03,14:13:17,10.222,,,,,
2010/08/03,18:13:17,10.100,,,,,
2010/08/03,22:13:17,10.026,,,,,
2010/08/04,02:13:17,10.222,,,,,
2010/08/04,06:13:17,10.124,,,,,
2010/08/04,10:13:17,10.956,,,,,
2010/08/04,14:13:17,10.271,,,,,
2010/08/04,18:13:17,13.858,,,,,
2010/08/04,22:13:17,10.492,,,,,
2010/08/05,02:13:17,9.879,,,,,
2010/08/05,06:13:17,10.296,,,,,
2010/08/05,10:13:17,10.761,,,,,
2010/08/05,14:13:17,10.443,,,,,
2010/08/05,18:13:17,10.173,,,,,
2010/08/05,22:13:17,10.320,,,,,
2010/08/06,02:13:17,10.565,,,,,
2010/08/06,06:13:17,10.247,,,,,
2010/08/06,10:13:17,11.029,,,,,
2010/08/06,14:13:17,10.736,,,,,
2010/08/06,18:13:17,10.369,,,,,
2010/08/06,22:13:17,12.364,,,,,
2010/08/07,02:13:17,12.727,,,,,
2010/08/07,06:13:17,12.606,,,,,
2010/08/07,10:13:17,12.001,,,,,
2010/08/07,14:13:17,11.807,,,,,
2010/08/07,18:13:17,10.883,,,,,
2010/08/07,22:13:17,11.710,,,,,
2010/08/08,02:13:17,10.541,,,,,
2010/08/08,06:13:17,10.443,,,,,
2010/08/08,10:13:17,11.589,,,,,
2010/08/08,14:13:17,11.224,,,,,
2010/08/08,18:13:17,10.590,,,,,
2010/08/08,22:13:17,11.297,,,,,
2010/08/09,02:13:17,11.613,,,,,
2010/08/09,06:13:17,11.102,,,,,
2010/08/09,10:13:17,10.810,,,,,
2010/08/09,14:13:17,11.832,,,,,
2010/08/09,18:13:17,11.029,,,,,
2010/08/09,22:13:17,11.151,,,,,
2010/08/10,02:13:17,11.516,,,,,
2010/08/10,06:13:17,10.810,,,,,
2010/08/10,10:13:17,11.273,,,,,
2010/08/10,14:13:17,11.637,,,,,
2010/08/10,18:13:17,11.297,,,,,
2010/08/10,22:13:17,11.759,,,,,
2010/08/11,02:13:17,11.734,,,,,
2010/08/11,06:13:17,11.005,,,,,
2010/08/11,10:13:17,11.516,,,,,
2010/08/11,14:13:17,11.686,,,,,
2010/08/11,18:13:17,11.904,,,,,
2010/08/11,22:13:17,11.807,,,,,
2010/08/12,02:13:17,12.025,,,,,
2010/08/12,06:13:17,11.224,,,,,
2010/08/12,10:13:17,11.273,,,,,
2010/08/12,14:13:17,11.953,,,,,
2010/08/12,18:13:17,11.102,,,,,
2010/08/12,22:13:17,11.175,,,,,
2010/08/13,02:13:17,11.734,,,,,
2010/08/13,06:13:17,11.175,,,,,
2010/08/13,10:13:17,11.321,,,,,
2010/08/13,14:13:17,11.053,,,,,
2010/08/13,18:13:17,10.956,,,,,
2010/08/13,22:13:17,10.810,,,,,
2010/08/14,02:13:17,11.053,,,,,
2010/08/14,06:13:17,10.980,,,,,
2010/08/14,10:13:17,10.810,,,,,
2010/08/14,14:13:17,10.907,,,,,
2010/08/14,18:13:17,10.883,,,,,
2010/08/14,22:13:17,10.638,,,,,
2010/08/15,02:13:17,11.005,,,,,
2010/08/15,06:13:17,10.858,,,,,
2010/08/15,10:13:17,10.736,,,,,
2010/08/15,14:13:17,10.541,,,,,
2010/08/15,18:13:17,10.858,,,,,
2010/08/15,22:13:17,11.078,,,,,
2010/08/16,02:13:17,10.761,,,,,
2010/08/16,06:13:17,11.613,,,,,
2010/08/16,10:13:17,11.053,,,,,
2010/08/16,14:13:17,10.932,,,,,
2010/08/16,18:13:17,10.418,,,,,
2010/08/16,22:13:17,10.712,,,,,
2010/08/17,02:13:17,10.296,,,,,
2010/08/17,06:13:17,11.297,,,,,
2010/08/17,10:13:17,11.321,,,,,
2010/08/17,14:13:17,10.736,,,,,
2010/08/17,18:13:17,11.346,,,,,
2010/08/17,22:13:17,11.200,,,,,
2010/08/18,02:13:17,11.248,,,,,
2010/08/18,06:13:17,11.273,,,,,
2010/08/18,10:13:17,11.224,,,,,
2010/08/18,14:13:17,11.151,,,,,
2010/08/18,18:13:17,11.637,,,,,
2010/08/18,22:13:17,11.297,,,,,
2010/08/19,02:13:17,11.078,,,,,
2010/08/19,06:13:17,10.687,,,,,
2010/08/19,10:13:17,10.956,,,,,
2010/08/19,14:13:17,10.761,,,,,
2010/08/19,18:13:17,10.663,,,,,
2010/08/19,22:13:17,11.977,,,,,
2010/08/20,02:13:17,11.929,,,,,
2010/08/20,06:13:17,10.638,,,,,
2010/08/20,10:13:17,10.858,,,,,
2010/08/20,14:13:17,11.613,,,,,
2010/08/20,18:13:17,10.761,,,,,
2010/08/20,22:13:17,12.582,,,,,
2010/08/21,02:13:17,12.509,,,,,
2010/08/21,06:13:17,10.736,,,,,
2010/08/21,10:13:17,10.516,,,,,
2010/08/21,14:13:17,10.956,,,,,
2010/08/21,18:13:17,10.320,,,,,
2010/08/21,22:13:17,11.370,,,,,
2010/08/22,02:13:17,11.929,,,,,
2010/08/22,06:13:17,11.248,,,,,
2010/08/22,10:13:17,11.078,,,,,
2010/08/22,14:13:17,11.297,,,,,
2010/08/22,18:13:17,10.956,,,,,
2010/08/22,22:13:17,11.102,,,,,
2010/08/23,02:13:17,11.662,,,,,
2010/08/23,06:13:17,10.492,,,,,
2010/08/23,10:13:17,11.102,,,,,
2010/08/23,14:13:17,11.686,,,,,
2010/08/23,18:13:17,11.419,,,,,
2010/08/23,22:13:17,12.534,,,,,
2010/08/24,02:13:17,12.001,,,,,
2010/08/24,06:13:17,10.761,,,,,
2010/08/24,10:13:17,10.687,,,,,
2010/08/24,14:13:17,12.195,,,,,
2010/08/24,18:13:17,11.759,,,,,
2010/08/24,22:13:17,12.751,,,,,
2010/08/25,02:13:17,12.340,,,,,
2010/08/25,06:13:17,11.053,,,,,
2010/08/25,10:13:17,10.687,,,,,
2010/08/25,14:13:17,11.759,,,,,
2010/08/25,18:13:17,11.443,,,,,
2010/08/25,22:13:17,10.810,,,,,
2010/08/26,02:13:17,11.856,,,,,
2010/08/26,06:13:17,10.980,,,,,
2010/08/26,10:13:17,11.224,,,,,
2010/08/26,14:13:17,11.540,,,,,
2010/08/26,18:13:17,11.224,,,,,
2010/08/26,22:13:17,11.419,,,,,
2010/08/27,02:13:17,12.243,,,,,
2010/08/27,06:13:17,11.346,,,,,
2010/08/27,10:13:17,10.810,,,,,
2010/08/27,14:13:17,11.127,,,,,
2010/08/27,18:13:17,11.005,,,,,
2010/08/27,22:13:17,10.614,,,,,
2010/08/28,02:13:17,10.712,,,,,
2010/08/28,06:13:17,11.053,,,,,
2010/08/28,10:13:17,10.736,,,,,
2010/08/28,14:13:17,10.980,,,,,
2010/08/28,18:13:17,11.443,,,,,
2010/08/28,22:13:17,10.712,,,,,
2010/08/29,02:13:17,11.686,,,,,
2010/08/29,06:13:17,11.783,,,,,
2010/08/29,10:13:17,11.297,,,,,
2010/08/29,14:13:17,10.810,,,,,
2010/08/29,18:13:17,10.858,,,,,
2010/08/29,22:13:17,10.810,,,,,
2010/08/30,02:13:17,11.248,,,,,
2010/08/30,06:13:17,11.321,,,,,
2010/08/30,10:13:17,10.956,,,,,
2010/08/30,14:13:17,11.078,,,,,
2010/08/30,18:13:17,11.467,,,,,
2010/08/30,22:13:17,11.686,,,,,
2010/08/31,02:13:17,12.025,,,,,
2010/08/31,06:13:17,12.171,,,,,
2010/08/31,10:13:17,10.858,,,,,
2010/08/31,14:13:17,11.297,,,,,
2010/08/31,18:13:17,11.419,,,,,
2010/08/31,22:13:17,11.904,,,,,
2010/09/01,02:13:17,11.419,,,,,
2010/09/01,06:13:17,11.200,,,,,
2010/09/01,10:13:17,11.224,,,,,
2010/09/01,14:13:17,11.029,,,,,
2010/09/01,18:13:17,10.980,,,,,
2010/09/01,22:13:17,11.005,,,,,
2010/09/02,02:13:17,10.980,,,,,
2010/09/02,06:13:17,10.810,,,,,
2010/09/02,10:13:17,11.005,,,,,
2010/09/02,14:13:17,11.273,,,,,
2010/09/02,18:13:17,11.759,,,,,
2010/09/02,22:13:17,12.147,,,,,
2010/09/03,02:13:17,12.050,,,,,
2010/09/03,06:13:17,11.783,,,,,
2010/09/03,10:13:17,12.001,,,,,
2010/09/03,14:13:17,11.977,,,,,
2010/09/03,18:13:17,11.686,,,,,
2010/09/03,22:13:17,12.509,,,,,
2010/09/04,02:13:17,12.461,,,,,
2010/09/04,06:13:17,11.832,,,,,
2010/09/04,10:13:17,12.316,,,,,
2010/09/04,14:13:17,11.734,,,,,
2010/09/04,18:13:17,11.953,,,,,
2010/09/04,22:13:17,10.541,,,,,
2010/09/05,02:13:17,11.904,,,,,
2010/09/05,06:13:17,11.929,,,,,
2010/09/05,10:13:17,11.734,,,,,
2010/09/05,14:13:17,11.078,,,,,
2010/09/05,18:13:17,11.929,,,,,
2010/09/05,22:13:17,10.907,,,,,
2010/09/06,02:13:17,12.050,,,,,
2010/09/06,06:13:17,11.297,,,,,
2010/09/06,10:13:17,10.980,,,,,
2010/09/06,14:13:17,10.907,,,,,
2010/09/06,18:13:17,10.932,,,,,
2010/09/06,22:13:17,11.516,,,,,
2010/09/07,02:13:17,11.589,,,,,
2010/09/07,06:13:17,11.127,,,,,
2010/09/07,10:13:17,11.248,,,,,
2010/09/07,14:13:17,11.419,,,,,
2010/09/07,18:13:17,11.053,,,,,
2010/09/07,22:13:17,11.273,,,,,
2010/09/08,02:13:17,11.686,,,,,
2010/09/08,06:13:17,11.005,,,,,
2010/09/08,10:13:17,11.127,,,,,
2010/09/08,14:13:17,11.370,,,,,
2010/09/08,18:13:17,11.005,,,,,
2010/09/08,22:13:17,11.540,,,,,
2010/09/09,02:13:17,11.734,,,,,
2010/09/09,06:13:17,11.613,,,,,
2010/09/09,10:13:17,11.443,,,,,
2010/09/09,14:13:17,11.029,,,,,
2010/09/09,18:13:17,10.932,,,,,
2010/09/09,22:13:17,10.956,,,,,
2010/09/10,02:13:17,10.907,,,,,
2010/09/10,06:13:17,10.614,,,,,
2010/09/10,10:13:17,10.565,,,,,
2010/09/10,14:13:17,10.467,,,,,
2010/09/10,18:13:17,10.638,,,,,
2010/09/10,22:13:17,10.638,,,,,
2010/09/11,02:13:17,10.663,,,,,
2010/09/11,06:13:17,10.810,,,,,
2010/09/11,10:13:17,10.736,,,,,
2010/09/11,14:13:17,10.810,,,,,
2010/09/11,18:13:17,10.785,,,,,
2010/09/11,22:13:17,10.956,,,,,
2010/09/12,02:13:17,10.883,,,,,
2010/09/12,06:13:17,11.127,,,,,
2010/09/12,10:13:17,10.858,,,,,
2010/09/12,14:13:17,10.907,,,,,
2010/09/12,18:13:17,10.834,,,,,
2010/09/12,22:13:17,10.785,,,,,
2010/09/13,02:13:17,11.127,,,,,
2010/09/13,06:13:17,11.102,,,,,
2010/09/13,10:13:17,10.785,,,,,
2010/09/13,14:13:17,10.956,,,,,
2010/09/13,18:13:17,10.638,,,,,
2010/09/13,22:13:17,10.883,,,,,
2010/09/14,02:13:17,11.492,,,,,
2010/09/14,06:13:17,10.761,,,,,
2010/09/14,10:13:17,10.883,,,,,
2010/09/14,14:13:17,10.858,,,,,
2010/09/14,18:13:17,10.761,,,,,
2010/09/14,22:13:17,10.663,,,,,
2010/09/15,02:13:17,10.075,,,,,
2010/09/15,06:13:17,10.516,,,,,
2010/09/15,10:13:17,10.001,,,,,
2010/09/15,14:13:17,10.761,,,,,
2010/09/15,18:13:17,11.443,,,,,
2010/09/15,22:13:17,10.492,,,,,
2010/09/16,02:13:17,10.124,,,,,
2010/09/16,06:13:17,10.051,,,,,
2010/09/16,10:13:17,10.075,,,,,
2010/09/16,14:13:17,9.952,,,,,
2010/09/16,18:13:17,11.637,,,,,
2010/09/16,22:13:17,11.078,,,,,
2010/09/17,02:13:17,11.151,,,,,
2010/09/17,06:13:17,9.854,,,,,
2010/09/17,10:13:17,9.780,,,,,
2010/09/17,14:13:17,10.149,,,,,
2010/09/17,18:13:17,10.492,,,,,
2010/09/17,22:13:17,11.394,,,,,
2010/09/18,02:13:17,9.829,,,,,
2010/09/18,06:13:17,9.731,,,,,
2010/09/18,10:13:17,9.928,,,,,
2010/09/18,14:13:17,10.001,,,,,
2010/09/18,18:13:17,11.589,,,,,
2010/09/18,22:13:17,11.297,,,,,
2010/09/19,02:13:17,10.001,,,,,
2010/09/19,06:13:17,9.879,,,,,
2010/09/19,10:13:17,10.467,,,,,
2010/09/19,14:13:17,10.956,,,,,
2010/09/19,18:13:17,11.005,,,,,
2010/09/19,22:13:17,10.663,,,,,
2010/09/20,02:13:17,10.247,,,,,
2010/09/20,06:13:17,10.001,,,,,
2010/09/20,10:13:17,10.345,,,,,
2010/09/20,14:13:17,10.369,,,,,
2010/09/20,18:13:17,10.198,,,,,
2010/09/20,22:13:17,10.418,,,,,
2010/09/21,02:13:17,10.369,,,,,
2010/09/21,06:13:17,9.829,,,,,
2010/09/21,10:13:17,10.443,,,,,
2010/09/21,14:13:17,10.541,,,,,
2010/09/21,18:13:17,10.369,,,,,
2010/09/21,22:13:17,10.369,,,,,
2010/09/22,02:13:17,10.051,,,,,
2010/09/22,06:13:17,9.977,,,,,
2010/09/22,10:13:17,10.271,,,,,
2010/09/22,14:13:17,10.124,,,,,
2010/09/22,18:13:17,10.198,,,,,
2010/09/22,22:13:17,10.149,,,,,
2010/09/23,02:13:17,10.051,,,,,
2010/09/23,06:13:17,10.149,,,,,
2010/09/23,10:13:17,10.075,,,,,
2010/09/23,14:13:17,10.001,,,,,
2010/09/23,18:13:17,10.075,,,,,
2010/09/23,22:13:17,10.124,,,,,
2010/09/24,02:13:17,9.731,,,,,
2010/09/24,06:13:17,9.731,,,,,
2010/09/24,10:13:17,9.706,,,,,
2010/09/24,14:13:17,9.632,,,,,
2010/09/24,18:13:17,9.682,,,,,
2010/09/24,22:13:17,9.608,,,,,
2010/09/25,02:13:17,9.534,,,,,
2010/09/25,06:13:17,9.386,,,,,
2010/09/25,10:13:17,9.558,,,,,
2010/09/25,14:13:17,9.485,,,,,
2010/09/25,18:13:17,9.509,,,,,
2010/09/25,22:13:17,9.485,,,,,
2010/09/26,02:13:17,9.460,,,,,
2010/09/26,06:13:17,9.485,,,,,
2010/09/26,10:13:17,9.435,,,,,
2010/09/26,14:13:17,9.361,,,,,
2010/09/26,18:13:17,9.460,,,,,
2010/09/26,22:13:17,9.386,,,,,
2010/09/27,02:13:17,9.163,,,,,
2010/09/27,06:13:17,9.139,,,,,
2010/09/27,10:13:17,9.015,,,,,
2010/09/27,14:13:17,9.015,,,,,
2010/09/27,18:13:17,9.040,,,,,
2010/09/27,22:13:17,8.841,,,,,
2010/09/28,02:13:17,8.965,,,,,
2010/09/28,06:13:17,8.916,,,,,
2010/09/28,10:13:17,8.841,,,,,
2010/09/28,14:13:17,9.114,,,,,
2010/09/28,18:13:17,9.139,,,,,
2010/09/28,22:13:17,9.064,,,,,
2010/09/29,02:13:17,9.114,,,,,
2010/09/29,06:13:17,9.114,,,,,
2010/09/29,10:13:17,9.163,,,,,
2010/09/29,14:13:17,9.163,,,,,
2010/09/29,18:13:17,9.213,,,,,
2010/09/29,22:13:17,9.213,,,,,
2010/09/30,02:13:17,9.188,,,,,
2010/09/30,06:13:17,9.188,,,,,
2010/09/30,10:13:17,9.238,,,,,
2010/09/30,14:13:17,9.262,,,,,
2010/09/30,18:13:17,9.287,,,,,
2010/09/30,22:13:17,9.287,,,,,
2010/10/01,02:13:17,9.312,,,,,
2010/10/01,06:13:17,9.287,,,,,
2010/10/01,10:13:17,9.238,,,,,
2010/10/01,14:13:17,9.287,,,,,
2010/10/01,18:13:17,9.287,,,,,
2010/10/01,22:13:17,9.262,,,,,
2010/10/02,02:13:17,9.287,,,,,
2010/10/02,06:13:17,9.238,,,,,
2010/10/02,10:13:17,9.213,,,,,
2010/10/02,14:13:17,9.262,,,,,
2010/10/02,18:13:17,9.336,,,,,
2010/10/02,22:13:17,9.114,,,,,
2010/10/03,02:13:17,9.163,,,,,
2010/10/03,06:13:17,9.238,,,,,
2010/10/03,10:13:17,9.163,,,,,
2010/10/03,14:13:17,8.990,,,,,
2010/10/03,18:13:17,8.990,,,,,
2010/10/03,22:13:17,8.643,,,,,
2010/10/04,02:13:17,8.693,,,,,
2010/10/04,06:13:17,8.767,,,,,
2010/10/04,10:13:17,8.717,,,,,
2010/10/04,14:13:17,8.866,,,,,
2010/10/04,18:13:17,8.965,,,,,
2010/10/04,22:13:17,8.866,,,,,
2010/10/05,02:13:17,8.767,,,,,
2010/10/05,06:13:17,8.841,,,,,
2010/10/05,10:13:17,8.643,,,,,
2010/10/05,14:13:17,9.114,,,,,
2010/10/05,18:13:17,9.139,,,,,
2010/10/05,22:13:17,8.941,,,,,
2010/10/06,02:13:17,8.792,,,,,
2010/10/06,06:13:17,8.792,,,,,
2010/10/06,10:13:17,8.742,,,,,
2010/10/06,14:13:17,8.742,,,,,
2010/10/06,18:13:17,8.767,,,,,
2010/10/06,22:13:17,8.693,,,,,
2010/10/07,02:13:17,8.717,,,,,
2010/10/07,06:13:17,8.693,,,,,
2010/10/07,10:13:17,8.593,,,,,
2010/10/07,14:13:17,8.643,,,,,
2010/10/07,18:13:17,8.643,,,,,
2010/10/07,22:13:17,8.643,,,,,
2010/10/08,02:13:17,8.767,,,,,
2010/10/08,06:13:17,8.742,,,,,
2010/10/08,10:13:17,8.817,,,,,
2010/10/08,14:13:17,8.817,,,,,
2010/10/08,18:13:17,8.693,,,,,
2010/10/08,22:13:17,8.742,,,,,
2010/10/09,02:13:17,8.767,,,,,
2010/10/09,06:13:17,8.618,,,,,
2010/10/09,10:13:17,8.693,,,,,
2010/10/09,14:13:17,8.618,,,,,
2010/10/09,18:13:17,8.618,,,,,
2010/10/09,22:13:17,8.568,,,,,
2010/10/10,02:13:17,8.519,,,,,
2010/10/10,06:13:17,8.419,,,,,
2010/10/10,10:13:17,8.618,,,,,
2010/10/10,14:13:17,8.643,,,,,
2010/10/10,18:13:17,8.593,,,,,
2010/10/10,22:13:17,8.543,,,,,
2010/10/11,02:13:17,8.444,,,,,
2010/10/11,06:13:17,8.319,,,,,
2010/10/11,10:13:17,8.195,,,,,
2010/10/11,14:13:17,8.394,,,,,
2010/10/11,18:13:17,8.494,,,,,
2010/10/11,22:13:17,8.220,,,,,
2010/10/12,02:13:17,8.494,,,,,
2010/10/12,06:13:17,8.618,,,,,
2010/10/12,10:13:17,8.419,,,,,
2010/10/12,14:13:17,8.469,,,,,
2010/10/12,18:13:17,8.593,,,,,
2010/10/12,22:13:17,8.494,,,,,
2010/10/13,02:13:17,8.593,,,,,
2010/10/13,06:13:17,8.543,,,,,
2010/10/13,10:13:17,8.444,,,,,
2010/10/13,14:13:17,8.841,,,,,
2010/10/13,18:13:17,8.668,,,,,
2010/10/13,22:13:17,8.742,,,,,
2010/10/14,02:13:17,8.792,,,,,
2010/10/14,06:13:17,8.568,,,,,
2010/10/14,10:13:17,8.369,,,,,
2010/10/14,14:13:17,8.593,,,,,
2010/10/14,18:13:17,8.543,,,,,
2010/10/14,22:13:17,8.444,,,,,
2010/10/15,02:13:17,8.693,,,,,
2010/10/15,06:13:17,8.742,,,,,
2010/10/15,10:13:17,8.543,,,,,
2010/10/15,14:13:17,8.742,,,,,
2010/10/15,18:13:17,8.717,,,,,
2010/10/15,22:13:17,8.295,,,,,
2010/10/16,02:13:17,8.668,,,,,
2010/10/16,06:13:17,8.668,,,,,
2010/10/16,10:13:17,8.543,,,,,
2010/10/16,14:13:17,8.220,,,,,
2010/10/16,18:13:17,8.519,,,,,
2010/10/16,22:13:17,8.344,,,,,
2010/10/17,02:13:17,8.170,,,,,
2010/10/17,06:13:17,8.494,,,,,
2010/10/17,10:13:17,8.519,,,,,
2010/10/17,14:13:17,8.742,,,,,
2010/10/17,18:13:17,8.419,,,,,
2010/10/17,22:13:17,8.469,,,,,
2010/10/18,02:13:17,8.767,,,,,
2010/10/18,06:13:17,9.015,,,,,
2010/10/18,10:13:17,8.990,,,,,
2010/10/18,14:13:17,9.064,,,,,
2010/10/18,18:13:17,9.089,,,,,
2010/10/18,22:13:17,8.643,,,,,
2010/10/19,02:13:17,8.568,,,,,
2010/10/19,06:13:17,8.717,,,,,
2010/10/19,10:13:17,8.693,,,,,
2010/10/19,14:13:17,8.792,,,,,
2010/10/19,18:13:17,8.717,,,,,
2010/10/19,22:13:17,8.792,,,,,
2010/10/20,02:13:17,8.841,,,,,
2010/10/20,06:13:17,8.767,,,,,
2010/10/20,10:13:17,8.693,,,,,
2010/10/20,14:13:17,8.742,,,,,
2010/10/20,18:13:17,8.742,,,,,
2010/10/20,22:13:17,8.693,,,,,
2010/10/21,02:13:17,8.841,,,,,
2010/10/21,06:13:17,8.891,,,,,
2010/10/21,10:13:17,8.817,,,,,
2010/10/21,14:13:17,8.792,,,,,
2010/10/21,18:13:17,8.792,,,,,
2010/10/21,22:13:17,8.841,,,,,
2010/10/22,02:13:17,8.817,,,,,
2010/10/22,06:13:17,8.817,,,,,
2010/10/22,10:13:17,8.841,,,,,
2010/10/22,14:13:17,8.866,,,,,
2010/10/22,18:13:17,8.891,,,,,
2010/10/22,22:13:17,8.866,,,,,
2010/10/23,02:13:17,8.767,,,,,
2010/10/23,06:13:17,8.792,,,,,
2010/10/23,10:13:17,8.767,,,,,
2010/10/23,14:13:17,8.767,,,,,
2010/10/23,18:13:17,8.742,,,,,
2010/10/23,22:13:17,8.717,,,,,
2010/10/24,02:13:17,8.693,,,,,
2010/10/24,06:13:17,8.618,,,,,
2010/10/24,10:13:17,8.668,,,,,
2010/10/24,14:13:17,8.693,,,,,
2010/10/24,18:13:17,8.593,,,,,
2010/10/24,22:13:17,8.668,,,,,
2010/10/25,02:13:17,8.668,,,,,
2010/10/25,06:13:17,8.593,,,,,
2010/10/25,10:13:17,8.668,,,,,
2010/10/25,14:13:17,8.643,,,,,
2010/10/25,18:13:17,8.593,,,,,
2010/10/25,22:13:17,8.643,,,,,
2010/10/26,02:13:17,8.419,,,,,
2010/10/26,06:13:17,8.519,,,,,
2010/10/26,10:13:17,8.543,,,,,
2010/10/26,14:13:17,8.195,,,,,
2010/10/26,18:13:17,8.295,,,,,
2010/10/26,22:13:17,8.195,,,,,
2010/10/27,02:13:17,7.945,,,,,
2010/10/27,06:13:17,8.270,,,,,
2010/10/27,10:13:17,8.220,,,,,
2010/10/27,14:13:17,8.344,,,,,
2010/10/27,18:13:17,8.344,,,,,
2010/10/27,22:13:17,8.170,,,,,
2010/10/28,02:13:17,8.270,,,,,
2010/10/28,06:13:17,8.369,,,,,
2010/10/28,10:13:17,8.319,,,,,
2010/10/28,14:13:17,8.070,,,,,
2010/10/28,18:13:17,8.245,,,,,
2010/10/28,22:13:17,8.344,,,,,
2010/10/29,02:13:17,8.344,,,,,
2010/10/29,06:13:17,8.444,,,,,
2010/10/29,10:13:17,8.394,,,,,
2010/10/29,14:13:17,8.543,,,,,
2010/10/29,18:13:17,8.270,,,,,
2010/10/29,22:13:17,8.145,,,,,
2010/10/30,02:13:17,8.245,,,,,
2010/10/30,06:13:17,8.095,,,,,
2010/10/30,10:13:17,7.970,,,,,
2010/10/30,14:13:17,7.995,,,,,
2010/10/30,18:13:17,8.045,,,,,
2010/10/30,22:13:17,7.845,,,,,
2010/10/31,02:13:17,7.945,,,,,
2010/10/31,06:13:17,7.995,,,,,
2010/10/31,10:13:17,7.820,,,,,
2010/10/31,14:13:17,7.820,,,,,
2010/10/31,18:13:17,7.695,,,,,
2010/10/31,22:13:17,7.645,,,,,
2010/11/01,02:13:17,7.419,,,,,
2010/11/01,06:13:17,7.519,,,,,
2010/11/01,10:13:17,8.344,,,,,
2010/11/01,14:13:17,8.593,,,,,
2010/11/01,18:13:17,8.817,,,,,
2010/11/01,22:13:17,8.319,,,,,
2010/11/02,02:13:17,8.444,,,,,
2010/11/02,06:13:17,8.419,,,,,
2010/11/02,10:13:17,8.245,,,,,
2010/11/02,14:13:17,8.295,,,,,
2010/11/02,18:13:17,8.369,,,,,
2010/11/02,22:13:17,7.895,,,,,
2010/11/03,02:13:17,7.995,,,,,
2010/11/03,06:13:17,8.170,,,,,
2010/11/03,10:13:17,7.920,,,,,
2010/11/03,14:13:17,7.970,,,,,
2010/11/03,18:13:17,7.670,,,,,
2010/11/03,22:13:17,7.695,,,,,
2010/11/04,02:13:17,7.845,,,,,
2010/11/04,06:13:17,7.670,,,,,
2010/11/04,10:13:17,7.820,,,,,
2010/11/04,14:13:17,7.820,,,,,
2010/11/04,18:13:17,7.619,,,,,
2010/11/04,22:13:17,7.770,,,,,
2010/11/05,02:13:17,7.720,,,,,
2010/11/05,06:13:17,7.519,,,,,
2010/11/05,10:13:17,7.720,,,,,
2010/11/05,14:13:17,7.720,,,,,
2010/11/05,18:13:17,7.569,,,,,
2010/11/05,22:13:17,7.695,,,,,
2010/11/06,02:13:17,7.770,,,,,
2010/11/06,06:13:17,7.544,,,,,
2010/11/06,10:13:17,7.695,,,,,
2010/11/06,14:13:17,7.569,,,,,
2010/11/06,18:13:17,7.318,,,,,
2010/11/06,22:13:17,7.594,,,,,
2010/11/07,02:13:17,7.870,,,,,
2010/11/07,06:13:17,7.645,,,,,
2010/11/07,10:13:17,7.745,,,,,
2010/11/07,14:13:17,7.920,,,,,
2010/11/07,18:13:17,7.770,,,,,
2010/11/07,22:13:17,7.795,,,,,
2010/11/08,02:13:17,7.720,,,,,
2010/11/08,06:13:17,7.695,,,,,
2010/11/08,10:13:17,7.970,,,,,
2010/11/08,14:13:17,7.995,,,,,
2010/11/08,18:13:17,7.845,,,,,
2010/11/08,22:13:17,7.920,,,,,
2010/11/09,02:13:17,8.095,,,,,
2010/11/09,06:13:17,8.120,,,,,
2010/11/09,10:13:17,7.569,,,,,
2010/11/09,14:13:17,8.195,,,,,
2010/11/09,18:13:17,8.070,,,,,
2010/11/09,22:13:17,7.619,,,,,
2010/11/10,02:13:17,8.020,,,,,
2010/11/10,06:13:17,7.920,,,,,
2010/11/10,10:13:17,7.720,,,,,
2010/11/10,14:13:17,7.695,,,,,
2010/11/10,18:13:17,7.695,,,,,
2010/11/10,22:13:17,7.720,,,,,
2010/11/11,02:13:17,7.670,,,,,
2010/11/11,06:13:17,7.795,,,,,
2010/11/11,10:13:17,7.795,,,,,
2010/11/11,14:13:17,7.770,,,,,
2010/11/11,18:13:17,8.020,,,,,
2010/11/11,22:13:17,8.045,,,,,
2010/11/12,02:13:17,8.070,,,,,
2010/11/12,06:13:17,7.895,,,,,
2010/11/12,10:13:17,7.995,,,,,
2010/11/12,14:13:17,8.020,,,,,
2010/11/12,18:13:17,7.995,,,,,
2010/11/12,22:13:17,7.795,,,,,
2010/11/13,02:13:17,7.995,,,,,
2010/11/13,06:13:17,7.970,,,,,
2010/11/13,10:13:17,7.770,,,,,
2010/11/13,14:13:17,7.945,,,,,
2010/11/13,18:13:17,7.519,,,,,
2010/11/13,22:13:17,7.670,,,,,
2010/11/14,02:13:17,7.795,,,,,
2010/11/14,06:13:17,7.870,,,,,
2010/11/14,10:13:17,7.945,,,,,
2010/11/14,14:13:17,7.945,,,,,
2010/11/14,18:13:17,7.995,,,,,
2010/11/14,22:13:17,7.368,,,,,
2010/11/15,02:13:17,7.820,,,,,
2010/11/15,06:13:17,7.995,,,,,
2010/11/15,10:13:17,7.142,,,,,
2010/11/15,14:13:17,7.494,,,,,
2010/11/15,18:13:17,7.167,,,,,
2010/11/15,22:13:17,6.687,,,,,
2010/11/16,02:13:17,6.509,,,,,
2010/11/16,06:13:17,6.281,,,,,
2010/11/16,10:13:17,6.306,,,,,
2010/11/16,14:13:17,6.230,,,,,
2010/11/16,18:13:17,5.949,,,,,
2010/11/16,22:13:17,5.898,,,,,
2010/11/17,02:13:17,5.821,,,,,
2010/11/17,06:13:17,5.539,,,,,
2010/11/17,10:13:17,5.847,,,,,
2010/11/17,14:13:17,5.719,,,,,
2010/11/17,18:13:17,5.719,,,,,
2010/11/17,22:13:17,6.000,,,,,
2010/11/18,02:13:17,6.763,,,,,
2010/11/18,06:13:17,7.167,,,,,
2010/11/18,10:13:17,6.940,,,,,
2010/11/18,14:13:17,6.864,,,,,
2010/11/18,18:13:17,6.585,,,,,
2010/11/18,22:13:17,6.712,,,,,
2010/11/19,02:13:17,6.636,,,,,
2010/11/19,06:13:17,6.560,,,,,
2010/11/19,10:13:17,6.509,,,,,
2010/11/19,14:13:17,6.585,,,,,
2010/11/19,18:13:17,6.255,,,,,
2010/11/19,22:13:17,6.433,,,,,
2010/11/20,02:13:17,6.331,,,,,
2010/11/20,06:13:17,6.204,,,,,
2010/11/20,10:13:17,6.331,,,,,
2010/11/20,14:13:17,6.408,,,,,
2010/11/20,18:13:17,6.128,,,,,
2010/11/20,22:13:17,6.509,,,,,
2010/11/21,02:13:17,6.687,,,,,
2010/11/21,06:13:17,6.458,,,,,
2010/11/21,10:13:17,6.864,,,,,
2010/11/21,14:13:17,6.889,,,,,
2010/11/21,18:13:17,6.611,,,,,
2010/11/21,22:13:17,6.813,,,,,
2010/11/22,02:13:17,6.965,,,,,
2010/11/22,06:13:17,6.813,,,,,
2010/11/22,10:13:17,6.914,,,,,
2010/11/22,14:13:17,7.015,,,,,
2010/11/22,18:13:17,6.889,,,,,
2010/11/22,22:13:17,6.965,,,,,
2010/11/23,02:13:17,7.066,,,,,
2010/11/23,06:13:17,7.041,,,,,
2010/11/23,10:13:17,7.116,,,,,
2010/11/23,14:13:17,7.142,,,,,
2010/11/23,18:13:17,7.091,,,,,
2010/11/23,22:13:17,7.091,,,,,
2010/11/24,02:13:17,7.041,,,,,
2010/11/24,06:13:17,6.990,,,,,
2010/11/24,10:13:17,6.990,,,,,
2010/11/24,14:13:17,7.066,,,,,
2010/11/24,18:13:17,7.015,,,,,
2010/11/24,22:13:17,6.914,,,,,
2010/11/25,02:13:17,7.015,,,,,
2010/11/25,06:13:17,7.066,,,,,
2010/11/25,10:13:17,6.914,,,,,
2010/11/25,14:13:17,7.015,,,,,
2010/11/25,18:13:17,6.737,,,,,
2010/11/25,22:13:17,6.839,,,,,
2010/11/26,02:13:17,6.763,,,,,
2010/11/26,06:13:17,6.560,,,,,
2010/11/26,10:13:17,6.484,,,,,
2010/11/26,14:13:17,6.433,,,,,
2010/11/26,18:13:17,6.382,,,,,
2010/11/26,22:13:17,6.128,,,,,
2010/11/27,02:13:17,6.204,,,,,
2010/11/27,06:13:17,6.408,,,,,
2010/11/27,10:13:17,6.763,,,,,
2010/11/27,14:13:17,6.712,,,,,
2010/11/27,18:13:17,6.788,,,,,
2010/11/27,22:13:17,6.636,,,,,
2010/11/28,02:13:17,6.914,,,,,
2010/11/28,06:13:17,6.864,,,,,
2010/11/28,10:13:17,6.281,,,,,
2010/11/28,14:13:17,6.331,,,,,
2010/11/28,18:13:17,6.128,,,,,
2010/11/28,22:13:17,6.051,,,,,
2010/11/29,02:13:17,5.949,,,,,
2010/11/29,06:13:17,6.026,,,,,
2010/11/29,10:13:17,5.847,,,,,
2010/11/29,14:13:17,5.770,,,,,
2010/11/29,18:13:17,5.616,,,,,
2010/11/29,22:13:17,5.437,,,,,
2010/11/30,02:13:17,5.282,,,,,
2010/11/30,06:13:17,5.642,,,,,
2010/11/30,10:13:17,6.000,,,,,
2010/11/30,14:13:17,5.821,,,,,
2010/11/30,18:13:17,5.821,,,,,
2010/11/30,22:13:17,6.128,,,,,
2010/12/01,02:13:17,5.898,,,,,
2010/12/01,06:13:17,5.514,,,,,
2010/12/01,10:13:17,5.821,,,,,
2010/12/01,14:13:17,5.847,,,,,
2010/12/01,18:13:17,5.821,,,,,
2010/12/01,22:13:17,5.847,,,,,
2010/12/02,02:13:17,5.975,,,,,
2010/12/02,06:13:17,5.539,,,,,
2010/12/02,10:13:17,5.924,,,,,
2010/12/02,14:13:17,6.179,,,,,
2010/12/02,18:13:17,5.591,,,,,
2010/12/02,22:13:17,6.026,,,,,
2010/12/03,02:13:17,6.230,,,,,
2010/12/03,06:13:17,5.872,,,,,
2010/12/03,10:13:17,5.949,,,,,
2010/12/03,14:13:17,6.331,,,,,
2010/12/03,18:13:17,5.796,,,,,
2010/12/03,22:13:17,6.204,,,,,
2010/12/04,02:13:17,6.357,,,,,
2010/12/04,06:13:17,6.000,,,,,
2010/12/04,10:13:17,6.331,,,,,
2010/12/04,14:13:17,6.204,,,,,
2010/12/04,18:13:17,5.949,,,,,
2010/12/04,22:13:17,6.204,,,,,
2010/12/05,02:13:17,6.281,,,,,
2010/12/05,06:13:17,6.051,,,,,
2010/12/05,10:13:17,6.281,,,,,
2010/12/05,14:13:17,6.179,,,,,
2010/12/05,18:13:17,5.975,,,,,
2010/12/05,22:13:17,6.102,,,,,
2010/12/06,02:13:17,6.179,,,,,
2010/12/06,06:13:17,6.102,,,,,
2010/12/06,10:13:17,6.102,,,,,
2010/12/06,14:13:17,6.179,,,,,
2010/12/06,18:13:17,6.051,,,,,
2010/12/06,22:13:17,6.051,,,,,
2010/12/07,02:13:17,6.204,,,,,
2010/12/07,06:13:17,6.128,,,,,
2010/12/07,10:13:17,5.924,,,,,
2010/12/07,14:13:17,6.179,,,,,
2010/12/07,18:13:17,6.153,,,,,
2010/12/07,22:13:17,5.924,,,,,
2010/12/08,02:13:17,6.102,,,,,
2010/12/08,06:13:17,6.102,,,,,
2010/12/08,10:13:17,5.847,,,,,
2010/12/08,14:13:17,6.026,,,,,
2010/12/08,18:13:17,6.026,,,,,
2010/12/08,22:13:17,5.565,,,,,
2010/12/09,02:13:17,5.924,,,,,
2010/12/09,06:13:17,5.924,,,,,
2010/12/09,10:13:17,5.668,,,,,
2010/12/09,14:13:17,5.668,,,,,
2010/12/09,18:13:17,5.949,,,,,
2010/12/09,22:13:17,5.539,,,,,
2010/12/10,02:13:17,5.591,,,,,
2010/12/10,06:13:17,5.821,,,,,
2010/12/10,10:13:17,5.591,,,,,
2010/12/10,14:13:17,5.462,,,,,
2010/12/10,18:13:17,5.719,,,,,
2010/12/10,22:13:17,5.693,,,,,
2010/12/11,02:13:17,5.334,,,,,
2010/12/11,06:13:17,5.616,,,,,
2010/12/11,10:13:17,5.539,,,,,
2010/12/11,14:13:17,5.616,,,,,
2010/12/11,18:13:17,5.616,,,,,
2010/12/11,22:13:17,5.360,,,,,
2010/12/12,02:13:17,5.205,,,,,
2010/12/12,06:13:17,5.591,,,,,
2010/12/12,10:13:17,5.693,,,,,
2010/12/12,14:13:17,5.128,,,,,
2010/12/12,18:13:17,5.231,,,,,
2010/12/12,22:13:17,5.205,,,,,
2010/12/13,02:13:17,4.818,,,,,
2010/12/13,06:13:17,4.869,,,,,
2010/12/13,10:13:17,5.462,,,,,
2010/12/13,14:13:17,5.308,,,,,
2010/12/13,18:13:17,5.102,,,,,
2010/12/13,22:13:17,5.050,,,,,
2010/12/14,02:13:17,5.308,,,,,
2010/12/14,06:13:17,4.844,,,,,
2010/12/14,10:13:17,5.308,,,,,
2010/12/14,14:13:17,5.128,,,,,
2010/12/14,18:13:17,4.921,,,,,
2010/12/14,22:13:17,5.102,,,,,
2010/12/15,02:13:17,4.844,,,,,
2010/12/15,06:13:17,4.610,,,,,
2010/12/15,10:13:17,4.999,,,,,
2010/12/15,14:13:17,4.792,,,,,
2010/12/15,18:13:17,4.506,,,,,
2010/12/15,22:13:17,4.947,,,,,
2010/12/16,02:13:17,4.999,,,,,
2010/12/16,06:13:17,4.792,,,,,
2010/12/16,10:13:17,5.154,,,,,
2010/12/16,14:13:17,5.102,,,,,
2010/12/16,18:13:17,4.792,,,,,
2010/12/16,22:13:17,4.895,,,,,
2010/12/17,02:13:17,5.102,,,,,
2010/12/17,06:13:17,4.895,,,,,
2010/12/17,10:13:17,5.102,,,,,
2010/12/17,14:13:17,5.050,,,,,
2010/12/17,18:13:17,4.869,,,,,
2010/12/17,22:13:17,4.428,,,,,
2010/12/18,02:13:17,5.231,,,,,
2010/12/18,06:13:17,4.869,,,,,
2010/12/18,10:13:17,5.231,,,,,
2010/12/18,14:13:17,5.231,,,,,
2010/12/18,18:13:17,4.921,,,,,
2010/12/18,22:13:17,4.506,,,,,
2010/12/19,02:13:17,5.128,,,,,
2010/12/19,06:13:17,5.050,,,,,
2010/12/19,10:13:17,5.154,,,,,
2010/12/19,14:13:17,5.179,,,,,
2010/12/19,18:13:17,5.076,,,,,
2010/12/19,22:13:17,4.844,,,,,
2010/12/20,02:13:17,5.205,,,,,
2010/12/20,06:13:17,5.179,,,,,
2010/12/20,10:13:17,4.947,,,,,
2010/12/20,14:13:17,5.102,,,,,
2010/12/20,18:13:17,4.895,,,,,
2010/12/20,22:13:17,4.610,,,,,
2010/12/21,02:13:17,4.999,,,,,
2010/12/21,06:13:17,4.869,,,,,
2010/12/21,10:13:17,4.688,,,,,
2010/12/21,14:13:17,5.050,,,,,
2010/12/21,18:13:17,4.844,,,,,
2010/12/21,22:13:17,4.532,,,,,
2010/12/22,02:13:17,4.869,,,,,
2010/12/22,06:13:17,4.818,,,,,
2010/12/22,10:13:17,4.428,,,,,
2010/12/22,14:13:17,4.792,,,,,
2010/12/22,18:13:17,4.844,,,,,
2010/12/22,22:13:17,4.246,,,,,
2010/12/23,02:13:17,4.740,,,,,
2010/12/23,06:13:17,4.818,,,,,
2010/12/23,10:13:17,4.298,,,,,
2010/12/23,14:13:17,4.610,,,,,
2010/12/23,18:13:17,4.688,,,,,
2010/12/23,22:13:17,4.089,,,,,
2010/12/24,02:13:17,4.428,,,,,
2010/12/24,06:13:17,4.662,,,,,
2010/12/24,10:13:17,4.246,,,,,
2010/12/24,14:13:17,4.376,,,,,
2010/12/24,18:13:17,4.584,,,,,
2010/12/24,22:13:17,3.958,,,,,
2010/12/25,02:13:17,4.194,,,,,
2010/12/25,06:13:17,4.532,,,,,
2010/12/25,10:13:17,4.141,,,,,
2010/12/25,14:13:17,3.985,,,,,
2010/12/25,18:13:17,4.428,,,,,
2010/12/25,22:13:17,4.063,,,,,
2010/12/26,02:13:17,3.958,,,,,
2010/12/26,06:13:17,4.272,,,,,
2010/12/26,10:13:17,4.115,,,,,
2010/12/26,14:13:17,3.932,,,,,
2010/12/26,18:13:17,4.194,,,,,
2010/12/26,22:13:17,4.037,,,,,
2010/12/27,02:13:17,3.722,,,,,
2010/12/27,06:13:17,4.089,,,,,
2010/12/27,10:13:17,4.011,,,,,
2010/12/27,14:13:17,3.854,,,,,
2010/12/27,18:13:17,3.985,,,,,
2010/12/27,22:13:17,3.906,,,,,
2010/12/28,02:13:17,3.670,,,,,
2010/12/28,06:13:17,3.985,,,,,
2010/12/28,10:13:17,4.011,,,,,
2010/12/28,14:13:17,3.749,,,,,
2010/12/28,18:13:17,3.854,,,,,
2010/12/28,22:13:17,3.906,,,,,
2010/12/29,02:13:17,3.722,,,,,
2010/12/29,06:13:17,3.906,,,,,
2010/12/29,10:13:17,3.906,,,,,
2010/12/29,14:13:17,3.801,,,,,
2010/12/29,18:13:17,3.617,,,,,
2010/12/29,22:13:17,3.801,,,,,
2010/12/30,02:13:17,3.749,,,,,
2010/12/30,06:13:17,3.696,,,,,
2010/12/30,10:13:17,3.801,,,,,
2010/12/30,14:13:17,3.775,,,,,
2010/12/30,18:13:17,3.591,,,,,
2010/12/30,22:13:17,3.670,,,,,
2010/12/31,02:13:17,3.801,,,,,
2010/12/31,06:13:17,3.749,,,,,
2010/12/31,10:13:17,3.775,,,,,
2010/12/31,14:13:17,3.775,,,,,
2010/12/31,18:13:17,3.643,,,,,
2010/12/31,22:13:17,3.749,,,,,
2011/01/01,02:13:17,3.670,,,,,
2011/01/01,06:13:17,3.591,,,,,
2011/01/01,10:13:17,3.696,,,,,
2011/01/01,14:13:17,3.722,,,,,
2011/01/01,18:13:17,3.643,,,,,
2011/01/01,22:13:17,3.670,,,,,
2011/01/02,02:13:17,3.696,,,,,
2011/01/02,06:13:17,3.696,,,,,
2011/01/02,10:13:17,3.749,,,,,
2011/01/02,14:13:17,3.749,,,,,
2011/01/02,18:13:17,3.696,,,,,
2011/01/02,22:13:17,3.722,,,,,
2011/01/03,02:13:17,3.722,,,,,
2011/01/03,06:13:17,3.670,,,,,
2011/01/03,10:13:17,3.722,,,,,
2011/01/03,14:13:17,3.722,,,,,
2011/01/03,18:13:17,3.696,,,,,
2011/01/03,22:13:17,3.722,,,,,
2011/01/04,02:13:17,3.696,,,,,
2011/01/04,06:13:17,3.696,,,,,
2011/01/04,10:13:17,3.696,,,,,
2011/01/04,14:13:17,3.696,,,,,
2011/01/04,18:13:17,3.670,,,,,
2011/01/04,22:13:17,3.696,,,,,
2011/01/05,02:13:17,3.670,,,,,
2011/01/05,06:13:17,3.643,,,,,
2011/01/05,10:13:17,3.696,,,,,
2011/01/05,14:13:17,3.643,,,,,
2011/01/05,18:13:17,3.617,,,,,
2011/01/05,22:13:17,3.643,,,,,
2011/01/06,02:13:17,3.643,,,,,
2011/01/06,06:13:17,3.617,,,,,
2011/01/06,10:13:17,3.617,,,,,
2011/01/06,14:13:17,3.643,,,,,
2011/01/06,18:13:17,3.538,,,,,
2011/01/06,22:13:17,3.327,,,,,
2011/01/07,02:13:17,3.485,,,,,
2011/01/07,06:13:17,3.459,,,,,
2011/01/07,10:13:17,3.195,,,,,
2011/01/07,14:13:17,3.380,,,,,
2011/01/07,18:13:17,3.406,,,,,
2011/01/07,22:13:17,3.063,,,,,
2011/01/08,02:13:17,3.274,,,,,
2011/01/08,06:13:17,3.221,,,,,
2011/01/08,10:13:17,2.930,,,,,
2011/01/08,14:13:17,3.248,,,,,
2011/01/08,18:13:17,3.248,,,,,
2011/01/08,22:13:17,2.797,,,,,
2011/01/09,02:13:17,3.142,,,,,
2011/01/09,06:13:17,3.221,,,,,
2011/01/09,10:13:17,2.850,,,,,
2011/01/09,14:13:17,3.168,,,,,
2011/01/09,18:13:17,3.168,,,,,
2011/01/09,22:13:17,2.903,,,,,
2011/01/10,02:13:17,3.036,,,,,
2011/01/10,06:13:17,3.142,,,,,
2011/01/10,10:13:17,3.009,,,,,
2011/01/10,14:13:17,3.142,,,,,
2011/01/10,18:13:17,3.063,,,,,
2011/01/10,22:13:17,2.983,,,,,
2011/01/11,02:13:17,3.063,,,,,
2011/01/11,06:13:17,3.009,,,,,
2011/01/11,10:13:17,3.063,,,,,
2011/01/11,14:13:17,3.009,,,,,
2011/01/11,18:13:17,2.983,,,,,
2011/01/11,22:13:17,2.797,,,,,
2011/01/12,02:13:17,2.903,,,,,
2011/01/12,06:13:17,2.797,,,,,
2011/01/12,10:13:17,2.744,,,,,
2011/01/12,14:13:17,2.530,,,,,
2011/01/12,18:13:17,2.530,,,,,
2011/01/12,22:13:17,2.343,,,,,
2011/01/13,02:13:17,2.209,,,,,
2011/01/13,06:13:17,2.289,,,,,
2011/01/13,10:13:17,2.262,,,,,
2011/01/13,14:13:17,2.128,,,,,
2011/01/13,18:13:17,1.913,,,,,
2011/01/13,22:13:17,1.940,,,,,
2011/01/14,02:13:17,2.316,,,,,
2011/01/14,06:13:17,2.396,,,,,
2011/01/14,10:13:17,2.610,,,,,
2011/01/14,14:13:17,2.155,,,,,
2011/01/14,18:13:17,2.128,,,,,
2011/01/14,22:13:17,2.370,,,,,
2011/01/15,02:13:17,2.128,,,,,
2011/01/15,06:13:17,1.832,,,,,
2011/01/15,10:13:17,2.503,,,,,
2011/01/15,14:13:17,2.289,,,,,
2011/01/15,18:13:17,1.967,,,,,
2011/01/15,22:13:17,1.832,,,,,
2011/01/16,02:13:17,2.316,,,,,
2011/01/16,06:13:17,1.967,,,,,
2011/01/16,10:13:17,2.423,,,,,
2011/01/16,14:13:17,2.316,,,,,
2011/01/16,18:13:17,2.047,,,,,
2011/01/16,22:13:17,1.724,,,,,
2011/01/17,02:13:17,2.396,,,,,
2011/01/17,06:13:17,2.316,,,,,
2011/01/17,10:13:17,2.262,,,,,
2011/01/17,14:13:17,2.797,,,,,
2011/01/17,18:13:17,2.477,,,,,
2011/01/17,22:13:17,2.316,,,,,
2011/01/18,02:13:17,2.690,,,,,
2011/01/18,06:13:17,2.530,,,,,
2011/01/18,10:13:17,2.370,,,,,
2011/01/18,14:13:17,2.530,,,,,
2011/01/18,18:13:17,2.209,,,,,
2011/01/18,22:13:17,2.370,,,,,
2011/01/19,02:13:17,2.477,,,,,
2011/01/19,06:13:17,2.262,,,,,
2011/01/19,10:13:17,2.343,,,,,
2011/01/19,14:13:17,2.584,,,,,
2011/01/19,18:13:17,2.343,,,,,
2011/01/19,22:13:17,2.477,,,,,
2011/01/20,02:13:17,2.503,,,,,
2011/01/20,06:13:17,2.477,,,,,
2011/01/20,10:13:17,2.423,,,,,
2011/01/20,14:13:17,2.503,,,,,
2011/01/20,18:13:17,2.450,,,,,
2011/01/20,22:13:17,2.423,,,,,
2011/01/21,02:13:17,2.450,,,,,
2011/01/21,06:13:17,2.423,,,,,
2011/01/21,10:13:17,2.262,,,,,
2011/01/21,14:13:17,2.396,,,,,
2011/01/21,18:13:17,2.370,,,,,
2011/01/21,22:13:17,2.343,,,,,
2011/01/22,02:13:17,2.343,,,,,
2011/01/22,06:13:17,2.343,,,,,
2011/01/22,10:13:17,2.236,,,,,
2011/01/22,14:13:17,2.316,,,,,
2011/01/22,18:13:17,2.209,,,,,
2011/01/22,22:13:17,1.940,,,,,
2011/01/23,02:13:17,2.182,,,,,
2011/01/23,06:13:17,2.128,,,,,
2011/01/23,10:13:17,1.940,,,,,
2011/01/23,14:13:17,1.994,,,,,
2011/01/23,18:13:17,2.128,,,,,
2011/01/23,22:13:17,2.074,,,,,
2011/01/24,02:13:17,2.155,,,,,
2011/01/24,06:13:17,2.209,,,,,
2011/01/24,10:13:17,2.155,,,,,
2011/01/24,14:13:17,2.209,,,,,
2011/01/24,18:13:17,2.262,,,,,
2011/01/24,22:13:17,2.209,,,,,
2011/01/25,02:13:17,2.262,,,,,
2011/01/25,06:13:17,2.262,,,,,
2011/01/25,10:13:17,2.262,,,,,
2011/01/25,14:13:17,2.316,,,,,
2011/01/25,18:13:17,2.343,,,,,
2011/01/25,22:13:17,2.289,,,,,
2011/01/26,02:13:17,2.370,,,,,
2011/01/26,06:13:17,2.316,,,,,
2011/01/26,10:13:17,2.316,,,,,
2011/01/26,14:13:17,2.182,,,,,
2011/01/26,18:13:17,2.343,,,,,
2011/01/26,22:13:17,2.289,,,,,
2011/01/27,02:13:17,1.967,,,,,
2011/01/27,06:13:17,2.128,,,,,
2011/01/27,10:13:17,2.209,,,,,
2011/01/27,14:13:17,1.967,,,,,
2011/01/27,18:13:17,2.182,,,,,
2011/01/27,22:13:17,2.074,,,,,
2011/01/28,02:13:17,2.047,,,,,
2011/01/28,06:13:17,2.047,,,,,
2011/01/28,10:13:17,2.021,,,,,
2011/01/28,14:13:17,2.021,,,,,
2011/01/28,18:13:17,1.994,,,,,
2011/01/28,22:13:17,2.128,,,,,
2011/01/29,02:13:17,2.101,,,,,
2011/01/29,06:13:17,2.101,,,,,
2011/01/29,10:13:17,2.155,,,,,
2011/01/29,14:13:17,2.182,,,,,
2011/01/29,18:13:17,2.209,,,,,
2011/01/29,22:13:17,2.182,,,,,
2011/01/30,02:13:17,2.182,,,,,
2011/01/30,06:13:17,2.155,,,,,
2011/01/30,10:13:17,2.155,,,,,
2011/01/30,14:13:17,2.236,,,,,
2011/01/30,18:13:17,2.209,,,,,
2011/01/30,22:13:17,2.209,,,,,
2011/01/31,02:13:17,2.262,,,,,
2011/01/31,06:13:17,2.209,,,,,
2011/01/31,10:13:17,2.262,,,,,
2011/01/31,14:13:17,2.477,,,,,
2011/01/31,18:13:17,2.289,,,,,
2011/01/31,22:13:17,2.343,,,,,
2011/02/01,02:13:17,2.316,,,,,
2011/02/01,06:13:17,2.209,,,,,
2011/02/01,10:13:17,2.423,,,,,
2011/02/01,14:13:17,2.370,,,,,
2011/02/01,18:13:17,2.289,,,,,
2011/02/01,22:13:17,2.610,,,,,
2011/02/02,02:13:17,2.823,,,,,
2011/02/02,06:13:17,2.503,,,,,
2011/02/02,10:13:17,2.744,,,,,
2011/02/02,14:13:17,2.744,,,,,
2011/02/02,18:13:17,2.610,,,,,
2011/02/02,22:13:17,3.063,,,,,
2011/02/03,02:13:17,2.903,,,,,
2011/02/03,06:13:17,2.637,,,,,
2011/02/03,10:13:17,2.717,,,,,
2011/02/03,14:13:17,2.903,,,,,
2011/02/03,18:13:17,2.717,,,,,
2011/02/03,22:13:17,3.036,,,,,
2011/02/04,02:13:17,2.797,,,,,
2011/02/04,06:13:17,2.664,,,,,
2011/02/04,10:13:17,2.903,,,,,
2011/02/04,14:13:17,3.009,,,,,
2011/02/04,18:13:17,2.930,,,,,
2011/02/04,22:13:17,2.850,,,,,
2011/02/05,02:13:17,3.274,,,,,
2011/02/05,06:13:17,3.301,,,,,
2011/02/05,10:13:17,2.770,,,,,
2011/02/05,14:13:17,3.195,,,,,
2011/02/05,18:13:17,3.380,,,,,
2011/02/05,22:13:17,3.063,,,,,
2011/02/06,02:13:17,3.301,,,,,
2011/02/06,06:13:17,3.380,,,,,
2011/02/06,10:13:17,3.195,,,,,
2011/02/06,14:13:17,3.327,,,,,
2011/02/06,18:13:17,3.538,,,,,
2011/02/06,22:13:17,3.327,,,,,
2011/02/07,02:13:17,3.380,,,,,
2011/02/07,06:13:17,3.538,,,,,
2011/02/07,10:13:17,3.248,,,,,
2011/02/07,14:13:17,3.406,,,,,
2011/02/07,18:13:17,3.538,,,,,
2011/02/07,22:13:17,3.433,,,,,
2011/02/08,02:13:17,3.485,,,,,
2011/02/08,06:13:17,3.670,,,,,
2011/02/08,10:13:17,3.538,,,,,
2011/02/08,14:13:17,3.564,,,,,
2011/02/08,18:13:17,3.617,,,,,
2011/02/08,22:13:17,3.617,,,,,
2011/02/09,02:13:17,3.643,,,,,
2011/02/09,06:13:17,3.722,,,,,
2011/02/09,10:13:17,3.643,,,,,
2011/02/09,14:13:17,3.722,,,,,
2011/02/09,18:13:17,3.749,,,,,
2011/02/09,22:13:17,3.749,,,,,
2011/02/10,02:13:17,3.775,,,,,
2011/02/10,06:13:17,3.696,,,,,
2011/02/10,10:13:17,3.643,,,,,
2011/02/10,14:13:17,3.749,,,,,
2011/02/10,18:13:17,3.670,,,,,
2011/02/10,22:13:17,3.643,,,,,
2011/02/11,02:13:17,3.670,,,,,
2011/02/11,06:13:17,3.538,,,,,
2011/02/11,10:13:17,3.327,,,,,
2011/02/11,14:13:17,3.274,,,,,
2011/02/11,18:13:17,3.195,,,,,
2011/02/11,22:13:17,3.116,,,,,
2011/02/12,02:13:17,2.956,,,,,
2011/02/12,06:13:17,2.850,,,,,
2011/02/12,10:13:17,2.850,,,,,
2011/02/12,14:13:17,2.584,,,,,
2011/02/12,18:13:17,2.637,,,,,
2011/02/12,22:13:17,2.530,,,,,
2011/02/13,02:13:17,2.423,,,,,
2011/02/13,06:13:17,2.370,,,,,
2011/02/13,10:13:17,2.316,,,,,
2011/02/13,14:13:17,2.370,,,,,
2011/02/13,18:13:17,2.370,,,,,
2011/02/13,22:13:17,2.155,,,,,
2011/02/14,02:13:17,2.770,,,,,
2011/02/14,06:13:17,2.477,,,,,
2011/02/14,10:13:17,2.289,,,,,
2011/02/14,14:13:17,2.744,,,,,
2011/02/14,18:13:17,2.557,,,,,
2011/02/14,22:13:17,2.209,,,,,
2011/02/15,02:13:17,2.770,,,,,
2011/02/15,06:13:17,2.316,,,,,
2011/02/15,10:13:17,2.797,,,,,
2011/02/15,14:13:17,3.063,,,,,
2011/02/15,18:13:17,2.797,,,,,
2011/02/15,22:13:17,2.477,,,,,
2011/02/16,02:13:17,2.877,,,,,
2011/02/16,06:13:17,2.637,,,,,
2011/02/16,10:13:17,2.423,,,,,
2011/02/16,14:13:17,2.903,,,,,
2011/02/16,18:13:17,2.717,,,,,
2011/02/16,22:13:17,2.637,,,,,
2011/02/17,02:13:17,2.903,,,,,
2011/02/17,06:13:17,2.770,,,,,
2011/02/17,10:13:17,2.530,,,,,
2011/02/17,14:13:17,3.009,,,,,
2011/02/17,18:13:17,2.903,,,,,
2011/02/17,22:13:17,2.903,,,,,
2011/02/18,02:13:17,2.956,,,,,
2011/02/18,06:13:17,2.903,,,,,
2011/02/18,10:13:17,2.956,,,,,
2011/02/18,14:13:17,3.116,,,,,
2011/02/18,18:13:17,2.956,,,,,
2011/02/18,22:13:17,3.116,,,,,
2011/02/19,02:13:17,3.168,,,,,
2011/02/19,06:13:17,2.983,,,,,
2011/02/19,10:13:17,2.956,,,,,
2011/02/19,14:13:17,2.956,,,,,
2011/02/19,18:13:17,2.956,,,,,
2011/02/19,22:13:17,2.557,,,,,
2011/02/20,02:13:17,2.770,,,,,
2011/02/20,06:13:17,2.797,,,,,
2011/02/20,10:13:17,2.477,,,,,
2011/02/20,14:13:17,2.823,,,,,
2011/02/20,18:13:17,2.823,,,,,
2011/02/20,22:13:17,2.557,,,,,
2011/02/21,02:13:17,2.770,,,,,
2011/02/21,06:13:17,2.744,,,,,
2011/02/21,10:13:17,2.343,,,,,
2011/02/21,14:13:17,2.637,,,,,
2011/02/21,18:13:17,2.717,,,,,
2011/02/21,22:13:17,2.316,,,,,
2011/02/22,02:13:17,2.503,,,,,
2011/02/22,06:13:17,2.584,,,,,
2011/02/22,10:13:17,2.343,,,,,
2011/02/22,14:13:17,2.503,,,,,
2011/02/22,18:13:17,2.610,,,,,
2011/02/22,22:13:17,2.477,,,,,
2011/02/23,02:13:17,2.262,,,,,
2011/02/23,06:13:17,2.450,,,,,
2011/02/23,10:13:17,2.370,,,,,
2011/02/23,14:13:17,2.316,,,,,
2011/02/23,18:13:17,2.530,,,,,
2011/02/23,22:13:17,2.503,,,,,
2011/02/24,02:13:17,2.343,,,,,
2011/02/24,06:13:17,2.530,,,,,
2011/02/24,10:13:17,2.503,,,,,
2011/02/24,14:13:17,2.503,,,,,
2011/02/24,18:13:17,2.610,,,,,
2011/02/24,22:13:17,2.477,,,,,
2011/02/25,02:13:17,2.450,,,,,
2011/02/25,06:13:17,2.477,,,,,
2011/02/25,10:13:17,2.557,,,,,
2011/02/25,14:13:17,2.557,,,,,
2011/02/25,18:13:17,2.503,,,,,
2011/02/25,22:13:17,2.477,,,,,
2011/02/26,02:13:17,2.450,,,,,
2011/02/26,06:13:17,2.289,,,,,
2011/02/26,10:13:17,2.209,,,,,
2011/02/26,14:13:17,2.182,,,,,
2011/02/26,18:13:17,2.047,,,,,
2011/02/26,22:13:17,1.886,,,,,
2011/02/27,02:13:17,1.643,,,,,
2011/02/27,06:13:17,1.643,,,,,
2011/02/27,10:13:17,1.805,,,,,
2011/02/27,14:13:17,1.724,,,,,
2011/02/27,18:13:17,1.697,,,,,
2011/02/27,22:13:17,1.480,,,,,
2011/02/28,02:13:17,1.940,,,,,
2011/02/28,06:13:17,1.615,,,,,
2011/02/28,10:13:17,1.670,,,,,
2011/02/28,14:13:17,1.994,,,,,
2011/02/28,18:13:17,1.724,,,,,
2011/02/28,22:13:17,1.643,,,,,
2011/03/01,02:13:17,1.913,,,,,
2011/03/01,06:13:17,1.643,,,,,
2011/03/01,10:13:17,1.534,,,,,
2011/03/01,14:13:17,1.859,,,,,
2011/03/01,18:13:17,1.832,,,,,
2011/03/01,22:13:17,1.670,,,,,
2011/03/02,02:13:17,1.886,,,,,
2011/03/02,06:13:17,1.670,,,,,
2011/03/02,10:13:17,1.398,,,,,
2011/03/02,14:13:17,1.832,,,,,
2011/03/02,18:13:17,1.724,,,,,
2011/03/02,22:13:17,1.480,,,,,
2011/03/03,02:13:17,1.751,,,,,
2011/03/03,06:13:17,1.615,,,,,
2011/03/03,10:13:17,1.398,,,,,
2011/03/03,14:13:17,1.751,,,,,
2011/03/03,18:13:17,1.859,,,,,
2011/03/03,22:13:17,1.615,,,,,
2011/03/04,02:13:17,1.751,,,,,
2011/03/04,06:13:17,1.697,,,,,
2011/03/04,10:13:17,1.480,,,,,
2011/03/04,14:13:17,1.724,,,,,
2011/03/04,18:13:17,1.778,,,,,
2011/03/04,22:13:17,1.453,,,,,
2011/03/05,02:13:17,1.534,,,,,
2011/03/05,06:13:17,1.588,,,,,
2011/03/05,10:13:17,1.180,,,,,
2011/03/05,14:13:17,1.615,,,,,
2011/03/05,18:13:17,1.751,,,,,
2011/03/05,22:13:17,1.561,,,,,
2011/03/06,02:13:17,1.670,,,,,
2011/03/06,06:13:17,1.643,,,,,
2011/03/06,10:13:17,1.561,,,,,
2011/03/06,14:13:17,1.805,,,,,
2011/03/06,18:13:17,1.859,,,,,
2011/03/06,22:13:17,1.778,,,,,
2011/03/07,02:13:17,1.859,,,,,
2011/03/07,06:13:17,1.859,,,,,
2011/03/07,10:13:17,1.805,,,,,
2011/03/07,14:13:17,1.886,,,,,
2011/03/07,18:13:17,1.940,,,,,
2011/03/07,22:13:17,1.940,,,,,
2011/03/08,02:13:17,1.886,,,,,
2011/03/08,06:13:17,1.859,,,,,
2011/03/08,10:13:17,1.751,,,,,
2011/03/08,14:13:17,1.832,,,,,
2011/03/08,18:13:17,1.940,,,,,
2011/03/08,22:13:17,1.886,,,,,
2011/03/09,02:13:17,1.859,,,,,
2011/03/09,06:13:17,1.805,,,,,
2011/03/09,10:13:17,1.615,,,,,
2011/03/09,14:13:17,1.778,,,,,
2011/03/09,18:13:17,1.832,,,,,
2011/03/09,22:13:17,1.778,,,,,
2011/03/10,02:13:17,1.724,,,,,
2011/03/10,06:13:17,1.751,,,,,
2011/03/10,10:13:17,1.561,,,,,
2011/03/10,14:13:17,1.724,,,,,
2011/03/10,18:13:17,1.805,,,,,
2011/03/10,22:13:17,1.751,,,,,
2011/03/11,02:13:17,1.643,,,,,
2011/03/11,06:13:17,1.643,,,,,
2011/03/11,10:13:17,1.615,,,,,
2011/03/11,14:13:17,1.724,,,,,
2011/03/11,18:13:17,1.697,,,,,
2011/03/11,22:13:17,1.670,,,,,
2011/03/12,02:13:17,1.480,,,,,
2011/03/12,06:13:17,1.507,,,,,
2011/03/12,10:13:17,1.425,,,,,
2011/03/12,14:13:17,1.480,,,,,
2011/03/12,18:13:17,1.507,,,,,
2011/03/12,22:13:17,1.670,,,,,
2011/03/13,02:13:17,1.425,,,,,
2011/03/13,06:13:17,1.507,,,,,
2011/03/13,10:13:17,1.453,,,,,
2011/03/13,14:13:17,1.615,,,,,
2011/03/13,18:13:17,1.480,,,,,
2011/03/13,22:13:17,1.507,,,,,
2011/03/14,02:13:17,1.561,,,,,
2011/03/14,06:13:17,1.453,,,,,
2011/03/14,10:13:17,1.398,,,,,
2011/03/14,14:13:17,1.561,,,,,
2011/03/14,18:13:17,1.643,,,,,
2011/03/14,22:13:17,1.561,,,,,
2011/03/15,02:13:17,1.724,,,,,
2011/03/15,06:13:17,1.507,,,,,
2011/03/15,10:13:17,1.561,,,,,
2011/03/15,14:13:17,1.615,,,,,
2011/03/15,18:13:17,1.670,,,,,
2011/03/15,22:13:17,1.697,,,,,
2011/03/16,02:13:17,1.832,,,,,
2011/03/16,06:13:17,1.751,,,,,
2011/03/16,10:13:17,1.778,,,,,
2011/03/16,14:13:17,1.940,,,,,
2011/03/16,18:13:17,2.021,,,,,
2011/03/16,22:13:17,1.940,,,,,
2011/03/17,02:13:17,2.047,,,,,
2011/03/17,06:13:17,1.913,,,,,
2011/03/17,10:13:17,2.047,,,,,
2011/03/17,14:13:17,2.209,,,,,
2011/03/17,18:13:17,2.316,,,,,
2011/03/17,22:13:17,2.262,,,,,
2011/03/18,02:13:17,2.262,,,,,
2011/03/18,06:13:17,2.047,,,,,
2011/03/18,10:13:17,2.155,,,,,
2011/03/18,14:13:17,2.289,,,,,
2011/03/18,18:13:17,2.396,,,,,
2011/03/18,22:13:17,2.343,,,,,
2011/03/19,02:13:17,2.316,,,,,
2011/03/19,06:13:17,2.047,,,,,
2011/03/19,10:13:17,2.262,,,,,
2011/03/19,14:13:17,2.316,,,,,
2011/03/19,18:13:17,2.423,,,,,
2011/03/19,22:13:17,2.396,,,,,
2011/03/20,02:13:17,2.316,,,,,
2011/03/20,06:13:17,2.262,,,,,
2011/03/20,10:13:17,2.182,,,,,
2011/03/20,14:13:17,2.289,,,,,
2011/03/20,18:13:17,2.316,,,,,
2011/03/20,22:13:17,2.316,,,,,
2011/03/21,02:13:17,2.262,,,,,
2011/03/21,06:13:17,2.209,,,,,
2011/03/21,10:13:17,2.262,,,,,
2011/03/21,14:13:17,2.316,,,,,
2011/03/21,18:13:17,2.370,,,,,
2011/03/21,22:13:17,2.396,,,,,
2011/03/22,02:13:17,2.289,,,,,
2011/03/22,06:13:17,2.236,,,,,
2011/03/22,10:13:17,2.262,,,,,
2011/03/22,14:13:17,2.316,,,,,
2011/03/22,18:13:17,2.289,,,,,
2011/03/22,22:13:17,2.343,,,,,
2011/03/23,02:13:17,2.316,,,,,
2011/03/23,06:13:17,2.289,,,,,
2011/03/23,10:13:17,2.316,,,,,
2011/03/23,14:13:17,2.316,,,,,
2011/03/23,18:13:17,2.370,,,,,
2011/03/23,22:13:17,2.477,,,,,
2011/03/24,02:13:17,2.370,,,,,
2011/03/24,06:13:17,2.316,,,,,
2011/03/24,10:13:17,2.316,,,,,
2011/03/24,14:13:17,2.370,,,,,
2011/03/24,18:13:17,2.423,,,,,
2011/03/24,22:13:17,2.503,,,,,
2011/03/25,02:13:17,2.370,,,,,
2011/03/25,06:13:17,2.370,,,,,
2011/03/25,10:13:17,2.370,,,,,
2011/03/25,14:13:17,2.477,,,,,
2011/03/25,18:13:17,2.477,,,,,
2011/03/25,22:13:17,2.477,,,,,
2011/03/26,02:13:17,2.530,,,,,
2011/03/26,06:13:17,2.477,,,,,
2011/03/26,10:13:17,2.477,,,,,
2011/03/26,14:13:17,2.637,,,,,
2011/03/26,18:13:17,2.530,,,,,
2011/03/26,22:13:17,2.503,,,,,
2011/03/27,02:13:17,2.557,,,,,
2011/03/27,06:13:17,2.530,,,,,
2011/03/27,10:13:17,2.477,,,,,
2011/03/27,14:13:17,2.584,,,,,
2011/03/27,18:13:17,2.477,,,,,
2011/03/27,22:13:17,2.610,,,,,
2011/03/28,02:13:17,2.584,,,,,
2011/03/28,06:13:17,2.584,,,,,
2011/03/28,10:13:17,2.557,,,,,
2011/03/28,14:13:17,2.610,,,,,
2011/03/28,18:13:17,2.584,,,,,
2011/03/28,22:13:17,2.717,,,,,
2011/03/29,02:13:17,2.664,,,,,
2011/03/29,06:13:17,2.664,,,,,
2011/03/29,10:13:17,2.637,,,,,
2011/03/29,14:13:17,2.744,,,,,
2011/03/29,18:13:17,2.797,,,,,
2011/03/29,22:13:17,2.690,,,,,
2011/03/30,02:13:17,2.717,,,,,
2011/03/30,06:13:17,2.690,,,,,
2011/03/30,10:13:17,2.664,,,,,
2011/03/30,14:13:17,2.744,,,,,
2011/03/30,18:13:17,2.877,,,,,
2011/03/30,22:13:17,2.744,,,,,
2011/03/31,02:13:17,2.850,,,,,
2011/03/31,06:13:17,2.877,,,,,
2011/03/31,10:13:17,2.797,,,,,
2011/03/31,14:13:17,3.036,,,,,
2011/03/31,18:13:17,3.009,,,,,
2011/03/31,22:13:17,3.036,,,,,
2011/04/01,02:13:17,2.956,,,,,
2011/04/01,06:13:17,2.930,,,,,
2011/04/01,10:13:17,2.930,,,,,
2011/04/01,14:13:17,2.956,,,,,
2011/04/01,18:13:17,3.168,,,,,
2011/04/01,22:13:17,3.036,,,,,
2011/04/02,02:13:17,2.930,,,,,
2011/04/02,06:13:17,2.877,,,,,
2011/04/02,10:13:17,2.903,,,,,
2011/04/02,14:13:17,2.930,,,,,
2011/04/02,18:13:17,3.036,,,,,
2011/04/02,22:13:17,2.956,,,,,
2011/04/03,02:13:17,2.930,,,,,
2011/04/03,06:13:17,2.930,,,,,
2011/04/03,10:13:17,2.930,,,,,
2011/04/03,14:13:17,2.877,,,,,
2011/04/03,18:13:17,2.956,,,,,
2011/04/03,22:13:17,2.956,,,,,
2011/04/04,02:13:17,2.930,,,,,
2011/04/04,06:13:17,2.903,,,,,
2011/04/04,10:13:17,2.956,,,,,
2011/04/04,14:13:17,2.956,,,,,
2011/04/04,18:13:17,3.009,,,,,
2011/04/04,22:13:17,2.903,,,,,
2011/04/05,02:13:17,2.903,,,,,
2011/04/05,06:13:17,2.770,,,,,
2011/04/05,10:13:17,2.930,,,,,
2011/04/05,14:13:17,3.036,,,,,
2011/04/05,18:13:17,3.063,,,,,
2011/04/05,22:13:17,3.063,,,,,
2011/04/06,02:13:17,2.903,,,,,
2011/04/06,06:13:17,2.770,,,,,
2011/04/06,10:13:17,2.584,,,,,
2011/04/06,14:13:17,2.930,,,,,
2011/04/06,18:13:17,3.089,,,,,
2011/04/06,22:13:17,3.168,,,,,
2011/04/07,02:13:17,3.036,,,,,
2011/04/07,06:13:17,3.009,,,,,
2011/04/07,10:13:17,3.009,,,,,
2011/04/07,14:13:17,3.063,,,,,
2011/04/07,18:13:17,3.009,,,,,
2011/04/07,22:13:17,3.009,,,,,
2011/04/08,02:13:17,3.036,,,,,
2011/04/08,06:13:17,2.930,,,,,
2011/04/08,10:13:17,3.063,,,,,
2011/04/08,14:13:17,3.221,,,,,
2011/04/08,18:13:17,3.195,,,,,
2011/04/08,22:13:17,3.274,,,,,
2011/04/09,02:13:17,3.327,,,,,
2011/04/09,06:13:17,3.116,,,,,
2011/04/09,10:13:17,3.248,,,,,
2011/04/09,14:13:17,3.168,,,,,
2011/04/09,18:13:17,3.221,,,,,
2011/04/09,22:13:17,3.195,,,,,
2011/04/10,02:13:17,3.142,,,,,
2011/04/10,06:13:17,3.221,,,,,
2011/04/10,10:13:17,3.274,,,,,
2011/04/10,14:13:17,3.327,,,,,
2011/04/10,18:13:17,3.327,,,,,
2011/04/10,22:13:17,3.380,,,,,
2011/04/11,02:13:17,3.221,,,,,
2011/04/11,06:13:17,3.274,,,,,
2011/04/11,10:13:17,3.301,,,,,
2011/04/11,14:13:17,3.327,,,,,
2011/04/11,18:13:17,3.301,,,,,
2011/04/11,22:13:17,3.354,,,,,
2011/04/12,02:13:17,3.327,,,,,
2011/04/12,06:13:17,3.301,,,,,
2011/04/12,10:13:17,3.009,,,,,
2011/04/12,14:13:17,3.354,,,,,
2011/04/12,18:13:17,3.433,,,,,
2011/04/12,22:13:17,3.564,,,,,
2011/04/13,02:13:17,3.485,,,,,
2011/04/13,06:13:17,3.512,,,,,
2011/04/13,10:13:17,3.485,,,,,
2011/04/13,14:13:17,3.538,,,,,
2011/04/13,18:13:17,3.512,,,,,
2011/04/13,22:13:17,3.827,,,,,
2011/04/14,02:13:17,3.643,,,,,
2011/04/14,06:13:17,3.485,,,,,
2011/04/14,10:13:17,3.459,,,,,
2011/04/14,14:13:17,3.617,,,,,
2011/04/14,18:13:17,3.643,,,,,
2011/04/14,22:13:17,3.749,,,,,
2011/04/15,02:13:17,3.591,,,,,
2011/04/15,06:13:17,3.696,,,,,
2011/04/15,10:13:17,3.538,,,,,
2011/04/15,14:13:17,3.459,,,,,
2011/04/15,18:13:17,3.827,,,,,
2011/04/15,22:13:17,3.643,,,,,
2011/04/16,02:13:17,3.485,,,,,
2011/04/16,06:13:17,3.564,,,,,
2011/04/16,10:13:17,3.433,,,,,
2011/04/16,14:13:17,3.591,,,,,
2011/04/16,18:13:17,4.063,,,,,
2011/04/16,22:13:17,3.854,,,,,
2011/04/17,02:13:17,3.958,,,,,
2011/04/17,06:13:17,3.827,,,,,
2011/04/17,10:13:17,3.880,,,,,
2011/04/17,14:13:17,3.775,,,,,
2011/04/17,18:13:17,4.376,,,,,
2011/04/17,22:13:17,3.906,,,,,
2011/04/18,02:13:17,4.011,,,,,
2011/04/18,06:13:17,3.880,,,,,
2011/04/18,10:13:17,4.011,,,,,
2011/04/18,14:13:17,3.958,,,,,
2011/04/18,18:13:17,4.168,,,,,
2011/04/18,22:13:17,3.906,,,,,
2011/04/19,02:13:17,4.168,,,,,
2011/04/19,06:13:17,4.115,,,,,
2011/04/19,10:13:17,4.141,,,,,
2011/04/19,14:13:17,3.801,,,,,
2011/04/19,18:13:17,4.141,,,,,
2011/04/19,22:13:17,3.932,,,,,
2011/04/20,02:13:17,3.958,,,,,
2011/04/20,06:13:17,4.011,,,,,
2011/04/20,10:13:17,4.063,,,,,
2011/04/20,14:13:17,4.011,,,,,
2011/04/20,18:13:17,4.168,,,,,
2011/04/20,22:13:17,4.428,,,,,
2011/04/21,02:13:17,3.880,,,,,
2011/04/21,06:13:17,3.932,,,,,
2011/04/21,10:13:17,4.063,,,,,
2011/04/21,14:13:17,4.141,,,,,
2011/04/21,18:13:17,4.063,,,,,
2011/04/21,22:13:17,4.168,,,,,
2011/04/22,02:13:17,3.958,,,,,
2011/04/22,06:13:17,3.958,,,,,
2011/04/22,10:13:17,4.089,,,,,
2011/04/22,14:13:17,4.011,,,,,
2011/04/22,18:13:17,4.011,,,,,
2011/04/22,22:13:17,4.115,,,,,
2011/04/23,02:13:17,3.985,,,,,
2011/04/23,06:13:17,3.827,,,,,
2011/04/23,10:13:17,4.037,,,,,
2011/04/23,14:13:17,4.089,,,,,
2011/04/23,18:13:17,4.089,,,,,
2011/04/23,22:13:17,4.089,,,,,
2011/04/24,02:13:17,3.880,,,,,
2011/04/24,06:13:17,3.749,,,,,
2011/04/24,10:13:17,3.801,,,,,
2011/04/24,14:13:17,3.749,,,,,
2011/04/24,18:13:17,3.880,,,,,
2011/04/24,22:13:17,3.801,,,,,
2011/04/25,02:13:17,3.749,,,,,
2011/04/25,06:13:17,3.801,,,,,
2011/04/25,10:13:17,4.115,,,,,
2011/04/25,14:13:17,4.115,,,,,
2011/04/25,18:13:17,4.402,,,,,
2011/04/25,22:13:17,4.272,,,,,
2011/04/26,02:13:17,4.246,,,,,
2011/04/26,06:13:17,4.324,,,,,
2011/04/26,10:13:17,4.454,,,,,
2011/04/26,14:13:17,4.506,,,,,
2011/04/26,18:13:17,4.740,,,,,
2011/04/26,22:13:17,4.869,,,,,
2011/04/27,02:13:17,4.947,,,,,
2011/04/27,06:13:17,4.999,,,,,
2011/04/27,10:13:17,5.128,,,,,
2011/04/27,14:13:17,5.179,,,,,
2011/04/27,18:13:17,5.360,,,,,
2011/04/27,22:13:17,5.719,,,,,
2011/04/28,02:13:17,5.745,,,,,
2011/04/28,06:13:17,5.616,,,,,
2011/04/28,10:13:17,5.616,,,,,
2011/04/28,14:13:17,5.616,,,,,
2011/04/28,18:13:17,5.514,,,,,
2011/04/28,22:13:17,5.642,,,,,
2011/04/29,02:13:17,4.869,,,,,
2011/04/29,06:13:17,4.480,,,,,
2011/04/29,10:13:17,5.462,,,,,
2011/04/29,14:13:17,5.205,,,,,
2011/04/29,18:13:17,4.921,,,,,
2011/04/29,22:13:17,4.947,,,,,
2011/04/30,02:13:17,4.921,,,,,
2011/04/30,06:13:17,4.558,,,,,
2011/04/30,10:13:17,4.999,,,,,
2011/04/30,14:13:17,5.257,,,,,
2011/04/30,18:13:17,5.128,,,,,
2011/04/30,22:13:17,5.154,,,,,
2011/05/01,02:13:17,5.076,,,,,
2011/05/01,06:13:17,5.128,,,,,
2011/05/01,10:13:17,5.102,,,,,
2011/05/01,14:13:17,5.128,,,,,
2011/05/01,18:13:17,4.740,,,,,
2011/05/01,22:13:17,5.514,,,,,
2011/05/02,02:13:17,5.462,,,,,
2011/05/02,06:13:17,5.565,,,,,
2011/05/02,10:13:17,5.437,,,,,
2011/05/02,14:13:17,5.616,,,,,
2011/05/02,18:13:17,5.668,,,,,
2011/05/02,22:13:17,6.077,,,,,
2011/05/03,02:13:17,5.821,,,,,
2011/05/03,06:13:17,5.924,,,,,
2011/05/03,10:13:17,5.796,,,,,
2011/05/03,14:13:17,5.539,,,,,
2011/05/03,18:13:17,5.257,,,,,
2011/05/03,22:13:17,5.770,,,,,
2011/05/04,02:13:17,5.796,,,,,
2011/05/04,06:13:17,5.770,,,,,
2011/05/04,10:13:17,5.616,,,,,
2011/05/04,14:13:17,5.668,,,,,
2011/05/04,18:13:17,5.411,,,,,
2011/05/04,22:13:17,5.514,,,,,
2011/05/05,02:13:17,5.770,,,,,
2011/05/05,06:13:17,5.745,,,,,
2011/05/05,10:13:17,5.668,,,,,
2011/05/05,14:13:17,5.514,,,,,
2011/05/05,18:13:17,5.437,,,,,
2011/05/05,22:13:17,5.360,,,,,
2011/05/06,02:13:17,5.514,,,,,
2011/05/06,06:13:17,6.153,,,,,
2011/05/06,10:13:17,5.693,,,,,
2011/05/06,14:13:17,5.360,,,,,
2011/05/06,18:13:17,12.389,,,,,
2011/05/06,22:13:17,15.079,,,,,
2011/05/07,02:13:17,16.249,,,,,
2011/05/07,06:13:17,16.272,,,,,
2011/05/07,10:13:17,15.008,,,,,
2011/05/07,14:13:17,33.287,,,,,
2011/05/07,18:13:17,14.505,,,,,
2011/05/07,22:13:17,10.638,,,,,
2011/05/08,02:13:17,5.179,,,,,
2011/05/08,06:13:17,4.194,,,,,
2011/05/08,10:13:17,10.443,,,,,
2011/05/08,14:13:17,20.984,,,,,
2011/05/08,18:13:17,13.666,,,,,
2011/05/08,22:13:17,8.095,,,,,
2011/05/09,02:13:17,4.688,,,,,
2011/05/09,06:13:17,4.220,,,,,
2011/05/09,10:13:17,12.122,,,,,
2011/05/09,14:13:17,19.389,,,,,
2011/05/09,18:13:17,20.174,,,,,
2011/05/09,22:13:17,20.222,,,,,
2011/05/10,02:13:17,20.293,,,,,
2011/05/10,06:13:17,20.341,,,,,
2011/05/10,10:13:17,20.269,,,,,
2011/05/10,14:13:17,20.341,,,,,
2011/05/10,18:13:17,20.150,,,,,
2011/05/10,22:13:17,20.246,,,,,
2011/05/11,02:13:17,20.293,,,,,
2011/05/11,06:13:17,20.222,,,,,
2011/05/11,10:13:17,20.436,,,,,
2011/05/11,12:22:09,,,Logged,,,
2011/05/11,12:22:13,,Logged,,,,
2011/05/11,12:22:21,,,Logged,,,
2011/05/11,12:22:25,,,,Logged,,
2011/05/11,12:22:30,,,,Logged,,
2011/05/11,12:23:12,,,,,Logged,Logged
